Level,TIS-N,Exists from,Exists until,Type,TIS-A,TIS-A-Ext,Belongs to from,Belongs to until,Name
1,2100,01.01.1000,31.12.3999,GEOGRAPHICAL COUNTRY-GROUP,2AF,,,,AFRICA
2,24,01.01.1000,31.12.3999,COUNTRY,AO,AGO,01.01.1000,31.12.3999,ANGOLA
2,72,01.01.1000,31.12.3999,COUNTRY,BW,BWA,01.01.1000,31.12.3999,BOTSWANA
2,108,01.01.1000,31.12.3999,COUNTRY,BI,BDI,01.01.1000,31.12.3999,BURUNDI
2,120,01.01.1000,31.12.3999,COUNTRY,CM,CMR,01.01.1000,31.12.3999,CAMEROON
2,132,01.01.1000,31.12.3999,COUNTRY,CV,CPV,01.01.1000,31.12.3999,CAPE VERDE
2,140,01.01.1000,31.12.3999,COUNTRY,CF,CAF,01.01.1000,31.12.3999,CENTRAL AFRICAN REPUBLIC
2,148,01.01.1000,31.12.3999,COUNTRY,TD,TCD,01.01.1000,31.12.3999,CHAD
2,174,01.01.1000,31.12.3999,COUNTRY,KM,COM,01.01.1000,31.12.3999,COMOROS
2,178,01.01.1000,31.12.3999,COUNTRY,CG,COG,01.01.1000,31.12.3999,CONGO
2,180,01.01.1000,31.12.3999,COUNTRY,CD,COD,01.01.1000,31.12.3999,"CONGO, THE DEMOCRATIC REPUBLIC OF THE"
2,204,01.01.1000,31.12.3999,COUNTRY,BJ,BEN,01.01.1000,31.12.3999,BENIN
2,226,01.01.1000,31.12.3999,COUNTRY,GQ,GNQ,01.01.1000,31.12.3999,EQUATORIAL GUINEA
2,230,01.01.1000,23.5.1993,COUNTRY,ET,ETH,01.01.1000,23.5.1993,ETHIOPIA
2,231,24.5.1993,31.12.3999,COUNTRY,ET,ETH,24.5.1993,31.12.3999,ETHIOPIA
2,232,24.5.1993,31.12.3999,COUNTRY,ER,ERI,24.5.1993,31.12.3999,ERITREA
2,262,01.01.1000,31.12.3999,COUNTRY,DJ,DJI,01.01.1000,31.12.3999,DJIBOUTI
2,266,01.01.1000,31.12.3999,COUNTRY,GA,GAB,01.01.1000,31.12.3999,GABON
2,270,01.01.1000,31.12.3999,COUNTRY,GM,GMB,01.01.1000,31.12.3999,GAMBIA
2,288,01.01.1000,31.12.3999,COUNTRY,GH,GHA,01.01.1000,31.12.3999,GHANA
2,324,01.01.1000,31.12.3999,COUNTRY,GN,GIN,01.01.1000,31.12.3999,GUINEA
2,384,01.01.1000,31.12.3999,COUNTRY,CI,CIV,01.01.1000,31.12.3999,COTE D'IVOIRE
2,404,01.01.1000,31.12.3999,COUNTRY,KE,KEN,01.01.1000,31.12.3999,KENYA
2,426,01.01.1000,31.12.3999,COUNTRY,LS,LSO,01.01.1000,31.12.3999,LESOTHO
2,430,01.01.1000,31.12.3999,COUNTRY,LR,LBR,01.01.1000,31.12.3999,LIBERIA
2,450,01.01.1000,31.12.3999,COUNTRY,MG,MDG,01.01.1000,31.12.3999,MADAGASCAR
2,454,01.01.1000,31.12.3999,COUNTRY,MW,MWI,01.01.1000,31.12.3999,MALAWI
2,466,01.01.1000,31.12.3999,COUNTRY,ML,MLI,01.01.1000,31.12.3999,MALI
2,478,01.01.1000,31.12.3999,COUNTRY,MR,MRT,01.01.1000,31.12.3999,MAURITANIA
2,480,01.01.1000,31.12.3999,COUNTRY,MU,MUS,01.01.1000,31.12.3999,MAURITIUS
2,508,01.01.1000,31.12.3999,COUNTRY,MZ,MOZ,01.01.1000,31.12.3999,MOZAMBIQUE
2,516,01.01.1000,31.12.3999,COUNTRY,NA,NAM,01.01.1000,31.12.3999,NAMIBIA
2,562,01.01.1000,31.12.3999,COUNTRY,NE,NER,01.01.1000,31.12.3999,NIGER
2,566,01.01.1000,31.12.3999,COUNTRY,NG,NGA,01.01.1000,31.12.3999,NIGERIA
2,624,01.01.1000,31.12.3999,COUNTRY,GW,GNB,01.01.1000,31.12.3999,GUINEA-BISSAU
2,646,01.01.1000,31.12.3999,COUNTRY,RW,RWA,01.01.1000,31.12.3999,RWANDA
2,678,01.01.1000,31.12.3999,COUNTRY,ST,STP,01.01.1000,31.12.3999,SAO TOME AND PRINCIPE
2,686,01.01.1000,31.12.3999,COUNTRY,SN,SEN,01.01.1000,31.12.3999,SENEGAL
2,690,01.01.1000,31.12.3999,COUNTRY,SC,SYC,01.01.1000,31.12.3999,SEYCHELLES
2,694,01.01.1000,31.12.3999,COUNTRY,SL,SLE,01.01.1000,31.12.3999,SIERRA LEONE
2,706,01.01.1000,31.12.3999,COUNTRY,SO,SOM,01.01.1000,31.12.3999,SOMALIA
2,710,01.01.1000,31.12.3999,COUNTRY,ZA,ZAF,01.01.1000,31.12.3999,SOUTH AFRICA
2,716,01.01.1000,31.12.3999,COUNTRY,ZW,ZWE,01.01.1000,31.12.3999,ZIMBABWE
2,728,9.7.2011,31.12.3999,COUNTRY,SS,SSD,9.7.2011,31.12.3999,SOUTH SUDAN
2,729,9.7.2011,31.12.3999,COUNTRY,SD,SDN,9.7.2011,31.12.3999,SUDAN
2,732,01.01.1000,31.12.3999,COUNTRY,EH,ESH,01.01.1000,31.12.3999,WESTERN SAHARA
2,736,01.01.1000,8.7.2011,COUNTRY,SD,SDN,01.01.1000,8.7.2011,SUDAN
2,748,01.01.1000,31.12.3999,COUNTRY,SZ,SWZ,01.01.1000,31.12.3999,SWAZILAND
2,768,01.01.1000,31.12.3999,COUNTRY,TG,TGO,01.01.1000,31.12.3999,TOGO
2,800,01.01.1000,31.12.3999,COUNTRY,UG,UGA,01.01.1000,31.12.3999,UGANDA
2,834,01.01.1000,31.12.3999,COUNTRY,TZ,TZA,01.01.1000,31.12.3999,"TANZANIA, UNITED REPUBLIC OF"
2,854,01.01.1000,31.12.3999,COUNTRY,BF,BFA,01.01.1000,31.12.3999,BURKINA FASO
2,894,01.01.1000,31.12.3999,COUNTRY,ZM,ZMB,01.01.1000,31.12.3999,ZAMBIA
2,2128,01.01.1000,31.12.3999,GEOGRAPHICAL COUNTRY-GROUP,2NF,,01.01.1000,31.12.3999,NORTH AFRICA
3,12,01.01.1000,31.12.3999,COUNTRY,DZ,DZA,01.01.1000,31.12.3999,ALGERIA
3,434,01.01.1000,31.12.3999,COUNTRY,LY,LBY,01.01.1000,31.12.3999,LIBYAN ARAB JAMAHIRIYA
3,504,01.01.1000,31.12.3999,COUNTRY,MA,MAR,01.01.1000,31.12.3999,MOROCCO
3,788,01.01.1000,31.12.3999,COUNTRY,TN,TUN,01.01.1000,31.12.3999,TUNISIA
3,818,01.01.1000,31.12.3999,COUNTRY,EG,EGY,01.01.1000,31.12.3999,EGYPT
1,2101,01.01.1000,31.12.3999,GEOGRAPHICAL COUNTRY-GROUP,2AM,,,,AMERICA
2,2102,01.01.1000,31.12.3999,GEOGRAPHICAL COUNTRY-GROUP,2AC,,01.01.1000,31.12.3999,AMERICAN CONTINENT
3,2113,01.01.1000,31.12.3999,GEOGRAPHICAL COUNTRY-GROUP,2CA,,01.01.1000,31.12.3999,CENTRAL AMERICA
4,84,01.01.1000,31.12.3999,COUNTRY,BZ,BLZ,01.01.1000,31.12.3999,BELIZE
4,188,01.01.1000,31.12.3999,COUNTRY,CR,CRI,01.01.1000,31.12.3999,COSTA RICA
4,222,01.01.1000,31.12.3999,COUNTRY,SV,SLV,01.01.1000,31.12.3999,EL SALVADOR
4,320,01.01.1000,31.12.3999,COUNTRY,GT,GTM,01.01.1000,31.12.3999,GUATEMALA
4,340,01.01.1000,31.12.3999,COUNTRY,HN,HND,01.01.1000,31.12.3999,HONDURAS
4,558,01.01.1000,31.12.3999,COUNTRY,NI,NIC,01.01.1000,31.12.3999,NICARAGUA
4,591,01.01.1000,31.12.3999,COUNTRY,PA,PAN,01.01.1000,31.12.3999,PANAMA
3,2129,01.01.1000,31.12.3999,GEOGRAPHICAL COUNTRY-GROUP,2NA,,01.01.1000,31.12.3999,NORTH AMERICA
4,124,01.01.1000,31.12.3999,COUNTRY,CA,CAN,01.01.1000,31.12.3999,CANADA
4,484,01.01.1000,31.12.3999,COUNTRY,MX,MEX,01.01.1000,31.12.3999,MEXICO
4,840,01.01.1000,31.12.3999,COUNTRY,US,USA,01.01.1000,31.12.3999,UNITED STATES
3,2132,01.01.1000,31.12.3999,GEOGRAPHICAL COUNTRY-GROUP,2SA,,01.01.1000,31.12.3999,SOUTH AMERICA
4,32,01.01.1000,31.12.3999,COUNTRY,AR,ARG,01.01.1000,31.12.3999,ARGENTINA
4,68,01.01.1000,31.12.3999,COUNTRY,BO,BOL,01.01.1000,31.12.3999,BOLIVIA
4,76,01.01.1000,31.12.3999,COUNTRY,BR,BRA,01.01.1000,31.12.3999,BRAZIL
4,152,01.01.1000,31.12.3999,COUNTRY,CL,CHL,01.01.1000,31.12.3999,CHILE
4,170,01.01.1000,31.12.3999,COUNTRY,CO,COL,01.01.1000,31.12.3999,COLOMBIA
4,218,01.01.1000,31.12.3999,COUNTRY,EC,ECU,01.01.1000,31.12.3999,ECUADOR
4,328,01.01.1000,31.12.3999,COUNTRY,GY,GUY,01.01.1000,31.12.3999,GUYANA
4,600,01.01.1000,31.12.3999,COUNTRY,PY,PRY,01.01.1000,31.12.3999,PARAGUAY
4,604,01.01.1000,31.12.3999,COUNTRY,PE,PER,01.01.1000,31.12.3999,PERU
4,740,01.01.1000,31.12.3999,COUNTRY,SR,SUR,01.01.1000,31.12.3999,SURINAME
4,858,01.01.1000,31.12.3999,COUNTRY,UY,URY,01.01.1000,31.12.3999,URUGUAY
4,862,01.01.1000,31.12.3999,COUNTRY,VE,VEN,01.01.1000,31.12.3999,VENEZUELA
2,2134,01.01.1000,31.12.3999,GEOGRAPHICAL COUNTRY-GROUP,2WI,,01.01.1000,31.12.3999,WEST INDIES
3,44,01.01.1000,31.12.3999,COUNTRY,BS,BHS,01.01.1000,31.12.3999,BAHAMAS
3,2103,01.01.1000,31.12.3999,GEOGRAPHICAL COUNTRY-GROUP,2AN,,01.01.1000,31.12.3999,ANTILLES
4,28,01.01.1000,31.12.3999,COUNTRY,AG,ATG,01.01.1000,31.12.3999,ANTIGUA AND BARBUDA
4,52,01.01.1000,31.12.3999,COUNTRY,BB,BRB,01.01.1000,31.12.3999,BARBADOS
4,192,01.01.1000,31.12.3999,COUNTRY,CU,CUB,01.01.1000,31.12.3999,CUBA
4,212,01.01.1000,31.12.3999,COUNTRY,DM,DMA,01.01.1000,31.12.3999,DOMINICA
4,214,01.01.1000,31.12.3999,COUNTRY,DO,DOM,01.01.1000,31.12.3999,DOMINICAN REPUBLIC
4,308,01.01.1000,31.12.3999,COUNTRY,GD,GRD,01.01.1000,31.12.3999,GRENADA
4,332,01.01.1000,31.12.3999,COUNTRY,HT,HTI,01.01.1000,31.12.3999,HAITI
4,388,01.01.1000,31.12.3999,COUNTRY,JM,JAM,01.01.1000,31.12.3999,JAMAICA
4,630,01.01.1000,31.12.3999,COUNTRY,PR,PRI,01.01.1000,31.12.3999,PUERTO RICO
4,659,01.01.1000,31.12.3999,COUNTRY,KN,KNA,01.01.1000,31.12.3999,SAINT KITTS AND NEVIS
4,662,01.01.1000,31.12.3999,COUNTRY,LC,LCA,01.01.1000,31.12.3999,SAINT LUCIA
4,670,01.01.1000,31.12.3999,COUNTRY,VC,VCT,01.01.1000,31.12.3999,SAINT VINCENT AND THE GRENADINES
4,780,01.01.1000,31.12.3999,COUNTRY,TT,TTO,01.01.1000,31.12.3999,TRINIDAD AND TOBAGO
1,2102,01.01.1000,31.12.3999,GEOGRAPHICAL COUNTRY-GROUP,2AC,,,,AMERICAN CONTINENT
2,2113,01.01.1000,31.12.3999,GEOGRAPHICAL COUNTRY-GROUP,2CA,,01.01.1000,31.12.3999,CENTRAL AMERICA
3,84,01.01.1000,31.12.3999,COUNTRY,BZ,BLZ,01.01.1000,31.12.3999,BELIZE
3,188,01.01.1000,31.12.3999,COUNTRY,CR,CRI,01.01.1000,31.12.3999,COSTA RICA
3,222,01.01.1000,31.12.3999,COUNTRY,SV,SLV,01.01.1000,31.12.3999,EL SALVADOR
3,320,01.01.1000,31.12.3999,COUNTRY,GT,GTM,01.01.1000,31.12.3999,GUATEMALA
3,340,01.01.1000,31.12.3999,COUNTRY,HN,HND,01.01.1000,31.12.3999,HONDURAS
3,558,01.01.1000,31.12.3999,COUNTRY,NI,NIC,01.01.1000,31.12.3999,NICARAGUA
3,591,01.01.1000,31.12.3999,COUNTRY,PA,PAN,01.01.1000,31.12.3999,PANAMA
2,2129,01.01.1000,31.12.3999,GEOGRAPHICAL COUNTRY-GROUP,2NA,,01.01.1000,31.12.3999,NORTH AMERICA
3,124,01.01.1000,31.12.3999,COUNTRY,CA,CAN,01.01.1000,31.12.3999,CANADA
3,484,01.01.1000,31.12.3999,COUNTRY,MX,MEX,01.01.1000,31.12.3999,MEXICO
3,840,01.01.1000,31.12.3999,COUNTRY,US,USA,01.01.1000,31.12.3999,UNITED STATES
2,2132,01.01.1000,31.12.3999,GEOGRAPHICAL COUNTRY-GROUP,2SA,,01.01.1000,31.12.3999,SOUTH AMERICA
3,32,01.01.1000,31.12.3999,COUNTRY,AR,ARG,01.01.1000,31.12.3999,ARGENTINA
3,68,01.01.1000,31.12.3999,COUNTRY,BO,BOL,01.01.1000,31.12.3999,BOLIVIA
3,76,01.01.1000,31.12.3999,COUNTRY,BR,BRA,01.01.1000,31.12.3999,BRAZIL
3,152,01.01.1000,31.12.3999,COUNTRY,CL,CHL,01.01.1000,31.12.3999,CHILE
3,170,01.01.1000,31.12.3999,COUNTRY,CO,COL,01.01.1000,31.12.3999,COLOMBIA
3,218,01.01.1000,31.12.3999,COUNTRY,EC,ECU,01.01.1000,31.12.3999,ECUADOR
3,328,01.01.1000,31.12.3999,COUNTRY,GY,GUY,01.01.1000,31.12.3999,GUYANA
3,600,01.01.1000,31.12.3999,COUNTRY,PY,PRY,01.01.1000,31.12.3999,PARAGUAY
3,604,01.01.1000,31.12.3999,COUNTRY,PE,PER,01.01.1000,31.12.3999,PERU
3,740,01.01.1000,31.12.3999,COUNTRY,SR,SUR,01.01.1000,31.12.3999,SURINAME
3,858,01.01.1000,31.12.3999,COUNTRY,UY,URY,01.01.1000,31.12.3999,URUGUAY
3,862,01.01.1000,31.12.3999,COUNTRY,VE,VEN,01.01.1000,31.12.3999,VENEZUELA
1,2103,01.01.1000,31.12.3999,GEOGRAPHICAL COUNTRY-GROUP,2AN,,,,ANTILLES
2,28,01.01.1000,31.12.3999,COUNTRY,AG,ATG,01.01.1000,31.12.3999,ANTIGUA AND BARBUDA
2,52,01.01.1000,31.12.3999,COUNTRY,BB,BRB,01.01.1000,31.12.3999,BARBADOS
2,192,01.01.1000,31.12.3999,COUNTRY,CU,CUB,01.01.1000,31.12.3999,CUBA
2,212,01.01.1000,31.12.3999,COUNTRY,DM,DMA,01.01.1000,31.12.3999,DOMINICA
2,214,01.01.1000,31.12.3999,COUNTRY,DO,DOM,01.01.1000,31.12.3999,DOMINICAN REPUBLIC
2,308,01.01.1000,31.12.3999,COUNTRY,GD,GRD,01.01.1000,31.12.3999,GRENADA
2,332,01.01.1000,31.12.3999,COUNTRY,HT,HTI,01.01.1000,31.12.3999,HAITI
2,388,01.01.1000,31.12.3999,COUNTRY,JM,JAM,01.01.1000,31.12.3999,JAMAICA
2,630,01.01.1000,31.12.3999,COUNTRY,PR,PRI,01.01.1000,31.12.3999,PUERTO RICO
2,659,01.01.1000,31.12.3999,COUNTRY,KN,KNA,01.01.1000,31.12.3999,SAINT KITTS AND NEVIS
2,662,01.01.1000,31.12.3999,COUNTRY,LC,LCA,01.01.1000,31.12.3999,SAINT LUCIA
2,670,01.01.1000,31.12.3999,COUNTRY,VC,VCT,01.01.1000,31.12.3999,SAINT VINCENT AND THE GRENADINES
2,780,01.01.1000,31.12.3999,COUNTRY,TT,TTO,01.01.1000,31.12.3999,TRINIDAD AND TOBAGO
1,2104,7.11.1989,31.12.3999,ECONOMICAL COUNTRY-GROUP,2AP,,,,APEC COUNTRIES
2,36,01.01.1000,31.12.3999,COUNTRY,AU,AUS,7.11.1989,31.12.3999,AUSTRALIA
2,96,01.01.1000,31.12.3999,COUNTRY,BN,BRN,7.11.1989,31.12.3999,BRUNEI DARUSSALAM
2,124,01.01.1000,31.12.3999,COUNTRY,CA,CAN,7.11.1989,31.12.3999,CANADA
2,152,01.01.1000,31.12.3999,COUNTRY,CL,CHL,1.1.1994,31.12.3999,CHILE
2,156,01.01.1000,31.12.3999,COUNTRY,CN,CHN,1.1.1991,31.12.3999,CHINA
2,158,01.01.1000,31.12.3999,COUNTRY,TW,TWN,1.1.1991,31.12.3999,"TAIWAN, PROVINCE OF CHINA"
2,344,01.01.1000,31.12.3999,COUNTRY,HK,HKG,1.1.1991,31.12.3999,HONG KONG
2,360,01.01.1000,31.12.3999,COUNTRY,ID,IDN,7.11.1989,31.12.3999,INDONESIA
2,392,01.01.1000,31.12.3999,COUNTRY,JP,JPN,7.11.1989,31.12.3999,JAPAN
2,410,01.01.1000,31.12.3999,COUNTRY,KR,KOR,7.11.1989,31.12.3999,"KOREA, REPUBLIC OF"
2,446,20.12.1999,31.12.3999,COUNTRY,MO,MAC,20.12.1999,31.12.3999,MACAO
2,458,01.01.1000,31.12.3999,COUNTRY,MY,MYS,7.11.1989,31.12.3999,MALAYSIA
2,484,01.01.1000,31.12.3999,COUNTRY,MX,MEX,1.1.1993,31.12.3999,MEXICO
2,554,01.01.1000,31.12.3999,COUNTRY,NZ,NZL,7.11.1989,31.12.3999,NEW ZEALAND
2,598,01.01.1000,31.12.3999,COUNTRY,PG,PNG,1.1.1993,31.12.3999,PAPUA NEW GUINEA
2,604,01.01.1000,31.12.3999,COUNTRY,PE,PER,1.1.1998,31.12.3999,PERU
2,608,01.01.1000,31.12.3999,COUNTRY,PH,PHL,7.11.1989,31.12.3999,PHILIPPINES
2,630,01.01.1000,31.12.3999,COUNTRY,PR,PRI,7.11.1989,31.12.3999,PUERTO RICO
2,643,1.1.1992,31.12.3999,COUNTRY,RU,RUS,1.1.1998,31.12.3999,RUSSIAN FEDERATION
2,702,01.01.1000,31.12.3999,COUNTRY,SG,SGP,7.11.1989,31.12.3999,SINGAPORE
2,704,01.01.1000,31.12.3999,COUNTRY,VN,VNM,1.1.1998,31.12.3999,VIET NAM
2,764,01.01.1000,31.12.3999,COUNTRY,TH,THA,7.11.1989,31.12.3999,THAILAND
2,840,01.01.1000,31.12.3999,COUNTRY,US,USA,7.11.1989,31.12.3999,UNITED STATES
1,2105,8.8.1967,31.12.3999,ECONOMICAL COUNTRY-GROUP,2AE,,,,ASEAN COUNTRIES
2,96,01.01.1000,31.12.3999,COUNTRY,BN,BRN,1.1.1984,31.12.3999,BRUNEI DARUSSALAM
2,104,01.01.1000,31.12.3999,COUNTRY,MM,MMR,23.7.1997,31.12.3999,MYANMAR
2,116,01.01.1000,31.12.3999,COUNTRY,KH,KHM,30.4.1999,31.12.3999,CAMBODIA
2,360,01.01.1000,31.12.3999,COUNTRY,ID,IDN,8.8.1967,31.12.3999,INDONESIA
2,418,01.01.1000,31.12.3999,COUNTRY,LA,LAO,23.7.1997,31.12.3999,LAO PEOPLE'S DEMOCRATIC REPUBLIC
2,458,01.01.1000,31.12.3999,COUNTRY,MY,MYS,8.8.1967,31.12.3999,MALAYSIA
2,608,01.01.1000,31.12.3999,COUNTRY,PH,PHL,8.8.1967,31.12.3999,PHILIPPINES
2,702,01.01.1000,31.12.3999,COUNTRY,SG,SGP,8.8.1967,31.12.3999,SINGAPORE
2,704,01.01.1000,31.12.3999,COUNTRY,VN,VNM,28.7.1995,31.12.3999,VIET NAM
2,764,01.01.1000,31.12.3999,COUNTRY,TH,THA,8.8.1967,31.12.3999,THAILAND
1,2106,01.01.1000,31.12.3999,GEOGRAPHICAL COUNTRY-GROUP,2AS,,,,ASIA
2,31,1.1.1992,31.12.3999,COUNTRY,AZ,AZE,1.1.1992,31.12.3999,AZERBAIJAN
2,51,1.1.1992,31.12.3999,COUNTRY,AM,ARM,1.1.1992,31.12.3999,ARMENIA
2,156,01.01.1000,31.12.3999,COUNTRY,CN,CHN,01.01.1000,31.12.3999,CHINA
2,158,01.01.1000,31.12.3999,COUNTRY,TW,TWN,01.01.1000,31.12.3999,"TAIWAN, PROVINCE OF CHINA"
2,196,01.01.1000,31.12.3999,COUNTRY,CY,CYP,01.01.1000,31.12.3999,CYPRUS
2,268,1.1.1992,31.12.3999,COUNTRY,GE,GEO,1.1.1992,31.12.3999,GEORGIA
2,344,01.01.1000,31.12.3999,COUNTRY,HK,HKG,01.01.1000,31.12.3999,HONG KONG
2,376,01.01.1000,31.12.3999,COUNTRY,IL,ISR,01.01.1000,31.12.3999,ISRAEL
2,392,01.01.1000,31.12.3999,COUNTRY,JP,JPN,01.01.1000,31.12.3999,JAPAN
2,398,1.1.1992,31.12.3999,COUNTRY,KZ,KAZ,1.1.1992,31.12.3999,KAZAKHSTAN
2,408,01.01.1000,31.12.3999,COUNTRY,KP,PRK,01.01.1000,31.12.3999,"KOREA, DEMOCRATIC PEOPLE'S REPUBLIC OF"
2,410,01.01.1000,31.12.3999,COUNTRY,KR,KOR,01.01.1000,31.12.3999,"KOREA, REPUBLIC OF"
2,417,1.1.1992,31.12.3999,COUNTRY,KG,KGZ,1.1.1992,31.12.3999,KYRGYZSTAN
2,422,01.01.1000,31.12.3999,COUNTRY,LB,LBN,01.01.1000,31.12.3999,LEBANON
2,446,20.12.1999,31.12.3999,COUNTRY,MO,MAC,20.12.1999,31.12.3999,MACAO
2,760,01.01.1000,31.12.3999,COUNTRY,SY,SYR,01.01.1000,31.12.3999,SYRIAN ARAB REPUBLIC
2,762,1.1.1992,31.12.3999,COUNTRY,TJ,TJK,1.1.1992,31.12.3999,TAJIKISTAN
2,792,01.01.1000,31.12.3999,COUNTRY,TR,TUR,01.01.1000,31.12.3999,TURKEY
2,795,1.1.1992,31.12.3999,COUNTRY,TM,TKM,1.1.1992,31.12.3999,TURKMENISTAN
2,860,1.1.1992,31.12.3999,COUNTRY,UZ,UZB,1.1.1992,31.12.3999,UZBEKISTAN
2,2125,01.01.1000,31.12.3999,GEOGRAPHICAL COUNTRY-GROUP,2ME,,01.01.1000,31.12.3999,MIDDLE EAST
3,4,01.01.1000,31.12.3999,COUNTRY,AF,AFG,01.01.1000,31.12.3999,AFGHANISTAN
3,48,01.01.1000,31.12.3999,COUNTRY,BH,BHR,01.01.1000,31.12.3999,BAHRAIN
3,50,01.01.1000,31.12.3999,COUNTRY,BD,BGD,01.01.1000,31.12.3999,BANGLADESH
3,64,01.01.1000,31.12.3999,COUNTRY,BT,BTN,01.01.1000,31.12.3999,BHUTAN
3,144,01.01.1000,31.12.3999,COUNTRY,LK,LKA,01.01.1000,31.12.3999,SRI LANKA
3,356,01.01.1000,31.12.3999,COUNTRY,IN,IND,01.01.1000,31.12.3999,INDIA
3,364,01.01.1000,31.12.3999,COUNTRY,IR,IRN,01.01.1000,31.12.3999,"IRAN, ISLAMIC REPUBLIC OF"
3,368,01.01.1000,31.12.3999,COUNTRY,IQ,IRQ,01.01.1000,31.12.3999,IRAQ
3,400,01.01.1000,31.12.3999,COUNTRY,JO,JOR,01.01.1000,31.12.3999,JORDAN
3,414,01.01.1000,31.12.3999,COUNTRY,KW,KWT,01.01.1000,31.12.3999,KUWAIT
3,462,01.01.1000,31.12.3999,COUNTRY,MV,MDV,01.01.1000,31.12.3999,MALDIVES
3,496,01.01.1000,31.12.3999,COUNTRY,MN,MNG,01.01.1000,31.12.3999,MONGOLIA
3,512,01.01.1000,31.12.3999,COUNTRY,OM,OMN,01.01.1000,31.12.3999,OMAN
3,524,01.01.1000,31.12.3999,COUNTRY,NP,NPL,01.01.1000,31.12.3999,NEPAL
3,586,01.01.1000,31.12.3999,COUNTRY,PK,PAK,01.01.1000,31.12.3999,PAKISTAN
3,634,01.01.1000,31.12.3999,COUNTRY,QA,QAT,01.01.1000,31.12.3999,QATAR
3,682,01.01.1000,31.12.3999,COUNTRY,SA,SAU,01.01.1000,31.12.3999,SAUDI ARABIA
3,720,01.01.1000,21.5.1990,COUNTRY,YD,YMD,01.01.1000,21.5.1990,"YEMEN, DEMOCRATIC"
3,784,01.01.1000,31.12.3999,COUNTRY,AE,ARE,01.01.1000,31.12.3999,UNITED ARAB EMIRATES
3,886,01.01.1000,21.5.1990,COUNTRY,YE,YEM,01.01.1000,21.5.1990,YEMEN
3,887,22.5.1990,31.12.3999,COUNTRY,YE,YEM,22.5.1990,31.12.3999,YEMEN
2,2133,01.01.1000,31.12.3999,GEOGRAPHICAL COUNTRY-GROUP,2SE,,01.01.1000,31.12.3999,SOUTH EAST ASIA
3,96,01.01.1000,31.12.3999,COUNTRY,BN,BRN,01.01.1000,31.12.3999,BRUNEI DARUSSALAM
3,104,01.01.1000,31.12.3999,COUNTRY,MM,MMR,01.01.1000,31.12.3999,MYANMAR
3,116,01.01.1000,31.12.3999,COUNTRY,KH,KHM,01.01.1000,31.12.3999,CAMBODIA
3,360,01.01.1000,31.12.3999,COUNTRY,ID,IDN,01.01.1000,31.12.3999,INDONESIA
3,418,01.01.1000,31.12.3999,COUNTRY,LA,LAO,01.01.1000,31.12.3999,LAO PEOPLE'S DEMOCRATIC REPUBLIC
3,458,01.01.1000,31.12.3999,COUNTRY,MY,MYS,01.01.1000,31.12.3999,MALAYSIA
3,608,01.01.1000,31.12.3999,COUNTRY,PH,PHL,01.01.1000,31.12.3999,PHILIPPINES
3,626,20.5.2002,31.12.3999,COUNTRY,TL,TLS,20.5.2002,31.12.3999,TIMOR-LESTE
3,702,01.01.1000,31.12.3999,COUNTRY,SG,SGP,01.01.1000,31.12.3999,SINGAPORE
3,704,01.01.1000,31.12.3999,COUNTRY,VN,VNM,01.01.1000,31.12.3999,VIET NAM
3,764,01.01.1000,31.12.3999,COUNTRY,TH,THA,01.01.1000,31.12.3999,THAILAND
1,2107,01.01.1000,31.12.3999,GEOGRAPHICAL COUNTRY-GROUP,2AA,,,,AUSTRALASIA
2,36,01.01.1000,31.12.3999,COUNTRY,AU,AUS,01.01.1000,31.12.3999,AUSTRALIA
2,90,01.01.1000,31.12.3999,COUNTRY,SB,SLB,01.01.1000,31.12.3999,SOLOMON ISLANDS
2,242,01.01.1000,31.12.3999,COUNTRY,FJ,FJI,01.01.1000,31.12.3999,FIJI
2,540,01.01.1000,31.12.3999,COUNTRY,NC,NCL,01.01.1000,31.12.3999,NEW CALEDONIA
2,548,01.01.1000,31.12.3999,COUNTRY,VU,VUT,01.01.1000,31.12.3999,VANUATU
2,554,01.01.1000,31.12.3999,COUNTRY,NZ,NZL,01.01.1000,31.12.3999,NEW ZEALAND
1,2108,01.01.1000,31.12.3999,GEOGRAPHICAL COUNTRY-GROUP,2BA,,,,BALKANS
2,8,01.01.1000,31.12.3999,COUNTRY,AL,ALB,01.01.1000,31.12.3999,ALBANIA
2,70,1.1.1992,31.12.3999,COUNTRY,BA,BIH,1.1.1992,31.12.3999,BOSNIA AND HERZEGOVINA
2,100,01.01.1000,31.12.3999,COUNTRY,BG,BGR,01.01.1000,31.12.3999,BULGARIA
2,191,1.1.1992,31.12.3999,COUNTRY,HR,HRV,1.1.1992,31.12.3999,CROATIA
2,300,01.01.1000,31.12.3999,COUNTRY,GR,GRC,01.01.1000,31.12.3999,GREECE
2,499,3.6.2006,31.12.3999,COUNTRY,ME,MNE,3.6.2006,31.12.3999,MONTENEGRO
2,642,01.01.1000,31.12.3999,COUNTRY,RO,ROU,01.01.1000,31.12.3999,ROMANIA
2,688,3.6.2006,31.12.3999,COUNTRY,RS,SRB,3.6.2006,31.12.3999,SERBIA
2,705,1.1.1992,31.12.3999,COUNTRY,SI,SVN,1.1.1992,31.12.3999,SLOVENIA
2,807,1.1.1992,31.12.3999,COUNTRY,MK,MKD,1.1.1992,31.12.3999,"MACEDONIA, THE FORMER YUGOSLAV REPUBLIC OF"
2,890,01.01.1000,31.12.1991,COUNTRY,YU,YUG,01.01.1000,31.12.1991,YUGOSLAVIA
2,891,1.1.1992,2.6.2006,COUNTRY,CS,SCG,1.1.1992,2.6.2006,SERBIA AND MONTENEGRO
1,2109,01.01.1000,31.12.3999,GEOGRAPHICAL COUNTRY-GROUP,2BS,,,,BALTIC STATES
2,233,1.1.1992,31.12.3999,COUNTRY,EE,EST,1.1.1992,31.12.3999,ESTONIA
2,428,1.1.1992,31.12.3999,COUNTRY,LV,LVA,1.1.1992,31.12.3999,LATVIA
2,440,1.1.1992,31.12.3999,COUNTRY,LT,LTU,1.1.1992,31.12.3999,LITHUANIA
1,2110,1.1.1948,31.12.3999,ECONOMICAL COUNTRY-GROUP,2BE,,,,BENELUX
2,56,01.01.1000,31.12.3999,COUNTRY,BE,BEL,1.1.1948,31.12.3999,BELGIUM
2,442,01.01.1000,31.12.3999,COUNTRY,LU,LUX,1.1.1948,31.12.3999,LUXEMBOURG
2,528,01.01.1000,31.12.3999,COUNTRY,NL,NLD,1.1.1948,31.12.3999,NETHERLANDS
1,2111,01.01.1000,31.12.3999,GEOGRAPHICAL COUNTRY-GROUP,2BI,,,,BRITISH ISLES
2,372,01.01.1000,31.12.3999,COUNTRY,IE,IRL,01.01.1000,31.12.3999,IRELAND
2,826,01.01.1000,31.12.3999,COUNTRY,GB,GBR,01.01.1000,31.12.3999,UNITED KINGDOM
1,2112,01.01.1000,31.12.3999,POLITICAL COUNTRY-GROUP,2BW,,,,BRITISH WEST INDIES
2,28,01.01.1000,31.12.3999,COUNTRY,AG,ATG,01.01.1000,31.12.3999,ANTIGUA AND BARBUDA
2,44,01.01.1000,31.12.3999,COUNTRY,BS,BHS,01.01.1000,31.12.3999,BAHAMAS
2,52,01.01.1000,31.12.3999,COUNTRY,BB,BRB,01.01.1000,31.12.3999,BARBADOS
2,212,01.01.1000,31.12.3999,COUNTRY,DM,DMA,01.01.1000,31.12.3999,DOMINICA
2,308,01.01.1000,31.12.3999,COUNTRY,GD,GRD,01.01.1000,31.12.3999,GRENADA
2,388,01.01.1000,31.12.3999,COUNTRY,JM,JAM,01.01.1000,31.12.3999,JAMAICA
2,659,01.01.1000,31.12.3999,COUNTRY,KN,KNA,01.01.1000,31.12.3999,SAINT KITTS AND NEVIS
2,662,01.01.1000,31.12.3999,COUNTRY,LC,LCA,01.01.1000,31.12.3999,SAINT LUCIA
2,670,01.01.1000,31.12.3999,COUNTRY,VC,VCT,01.01.1000,31.12.3999,SAINT VINCENT AND THE GRENADINES
2,780,01.01.1000,31.12.3999,COUNTRY,TT,TTO,01.01.1000,31.12.3999,TRINIDAD AND TOBAGO
1,2113,01.01.1000,31.12.3999,GEOGRAPHICAL COUNTRY-GROUP,2CA,,,,CENTRAL AMERICA
2,84,01.01.1000,31.12.3999,COUNTRY,BZ,BLZ,01.01.1000,31.12.3999,BELIZE
2,188,01.01.1000,31.12.3999,COUNTRY,CR,CRI,01.01.1000,31.12.3999,COSTA RICA
2,222,01.01.1000,31.12.3999,COUNTRY,SV,SLV,01.01.1000,31.12.3999,EL SALVADOR
2,320,01.01.1000,31.12.3999,COUNTRY,GT,GTM,01.01.1000,31.12.3999,GUATEMALA
2,340,01.01.1000,31.12.3999,COUNTRY,HN,HND,01.01.1000,31.12.3999,HONDURAS
2,558,01.01.1000,31.12.3999,COUNTRY,NI,NIC,01.01.1000,31.12.3999,NICARAGUA
2,591,01.01.1000,31.12.3999,COUNTRY,PA,PAN,01.01.1000,31.12.3999,PANAMA
1,2114,1.1.1931,31.12.3999,POLITICAL COUNTRY-GROUP,2CO,,,,COMMONWEALTH
2,28,01.01.1000,31.12.3999,COUNTRY,AG,ATG,1.1.1981,31.12.3999,ANTIGUA AND BARBUDA
2,44,01.01.1000,31.12.3999,COUNTRY,BS,BHS,1.1.1973,31.12.3999,BAHAMAS
2,52,01.01.1000,31.12.3999,COUNTRY,BB,BRB,1.1.1966,31.12.3999,BARBADOS
2,84,01.01.1000,31.12.3999,COUNTRY,BZ,BLZ,1.1.1981,31.12.3999,BELIZE
2,124,01.01.1000,31.12.3999,COUNTRY,CA,CAN,1.1.1931,31.12.3999,CANADA
2,212,01.01.1000,31.12.3999,COUNTRY,DM,DMA,1.1.1978,31.12.3999,DOMINICA
2,296,01.01.1000,31.12.3999,COUNTRY,KI,KIR,1.1.1979,31.12.3999,KIRIBATI
2,308,01.01.1000,31.12.3999,COUNTRY,GD,GRD,1.1.1974,31.12.3999,GRENADA
2,328,01.01.1000,31.12.3999,COUNTRY,GY,GUY,1.1.1966,31.12.3999,GUYANA
2,388,01.01.1000,31.12.3999,COUNTRY,JM,JAM,1.1.1962,31.12.3999,JAMAICA
2,470,01.01.1000,31.12.3999,COUNTRY,MT,MLT,1.1.1964,31.12.3999,MALTA
2,520,01.01.1000,31.12.3999,COUNTRY,NR,NRU,1.1.1968,31.12.3999,NAURU
2,598,01.01.1000,31.12.3999,COUNTRY,PG,PNG,1.1.1975,31.12.3999,PAPUA NEW GUINEA
2,659,01.01.1000,31.12.3999,COUNTRY,KN,KNA,1.1.1983,31.12.3999,SAINT KITTS AND NEVIS
2,662,01.01.1000,31.12.3999,COUNTRY,LC,LCA,1.1.1979,31.12.3999,SAINT LUCIA
2,670,01.01.1000,31.12.3999,COUNTRY,VC,VCT,1.1.1979,31.12.3999,SAINT VINCENT AND THE GRENADINES
2,776,01.01.1000,31.12.3999,COUNTRY,TO,TON,1.1.1970,31.12.3999,TONGA
2,780,01.01.1000,31.12.3999,COUNTRY,TT,TTO,1.1.1962,31.12.3999,TRINIDAD AND TOBAGO
2,798,01.01.1000,31.12.3999,COUNTRY,TV,TUV,1.1.1978,31.12.3999,TUVALU
2,826,01.01.1000,31.12.3999,COUNTRY,GB,GBR,1.1.1931,31.12.3999,UNITED KINGDOM
2,882,01.01.1000,31.12.3999,COUNTRY,WS,WSM,1.1.1970,31.12.3999,SAMOA
2,2115,1.1.1931,31.12.3999,POLITICAL COUNTRY-GROUP,2CF,,1.1.1931,31.12.3999,COMMONWEALTH AFRICAN TERRITORIES
3,72,01.01.1000,31.12.3999,COUNTRY,BW,BWA,1.1.1966,31.12.3999,BOTSWANA
3,120,01.01.1000,31.12.3999,COUNTRY,CM,CMR,1.11.1995,31.12.3999,CAMEROON
3,270,01.01.1000,31.12.3999,COUNTRY,GM,GMB,1.1.1965,31.12.3999,GAMBIA
3,288,01.01.1000,31.12.3999,COUNTRY,GH,GHA,1.1.1957,31.12.3999,GHANA
3,404,01.01.1000,31.12.3999,COUNTRY,KE,KEN,1.1.1963,31.12.3999,KENYA
3,426,01.01.1000,31.12.3999,COUNTRY,LS,LSO,1.1.1966,31.12.3999,LESOTHO
3,454,01.01.1000,31.12.3999,COUNTRY,MW,MWI,1.1.1964,31.12.3999,MALAWI
3,480,01.01.1000,31.12.3999,COUNTRY,MU,MUS,1.1.1968,31.12.3999,MAURITIUS
3,508,01.01.1000,31.12.3999,COUNTRY,MZ,MOZ,12.11.1995,31.12.3999,MOZAMBIQUE
3,516,01.01.1000,31.12.3999,COUNTRY,NA,NAM,1.1.1990,31.12.3999,NAMIBIA
3,566,01.01.1000,31.12.3999,COUNTRY,NG,NGA,1.1.1960,31.12.3999,NIGERIA
3,690,01.01.1000,31.12.3999,COUNTRY,SC,SYC,1.1.1976,31.12.3999,SEYCHELLES
3,694,01.01.1000,31.12.3999,COUNTRY,SL,SLE,1.1.1961,31.12.3999,SIERRA LEONE
3,710,01.01.1000,31.12.3999,COUNTRY,ZA,ZAF,1.6.1994,31.12.3999,SOUTH AFRICA
3,716,01.01.1000,31.12.3999,COUNTRY,ZW,ZWE,1.1.1980,6.12.2003,ZIMBABWE
3,748,01.01.1000,31.12.3999,COUNTRY,SZ,SWZ,1.1.1968,31.12.3999,SWAZILAND
3,800,01.01.1000,31.12.3999,COUNTRY,UG,UGA,1.1.1962,31.12.3999,UGANDA
3,834,01.01.1000,31.12.3999,COUNTRY,TZ,TZA,1.1.1961,31.12.3999,"TANZANIA, UNITED REPUBLIC OF"
3,894,01.01.1000,31.12.3999,COUNTRY,ZM,ZMB,1.1.1964,31.12.3999,ZAMBIA
2,2116,1.1.1931,31.12.3999,POLITICAL COUNTRY-GROUP,2CS,,1.1.1931,31.12.3999,COMMONWEALTH ASIAN TERRITORIES
3,50,01.01.1000,31.12.3999,COUNTRY,BD,BGD,1.1.1972,31.12.3999,BANGLADESH
3,96,01.01.1000,31.12.3999,COUNTRY,BN,BRN,1.1.1984,31.12.3999,BRUNEI DARUSSALAM
3,144,01.01.1000,31.12.3999,COUNTRY,LK,LKA,1.1.1948,31.12.3999,SRI LANKA
3,196,01.01.1000,31.12.3999,COUNTRY,CY,CYP,1.1.1961,31.12.3999,CYPRUS
3,344,01.01.1000,31.12.3999,COUNTRY,HK,HKG,1.1.1931,30.6.1997,HONG KONG
3,356,01.01.1000,31.12.3999,COUNTRY,IN,IND,1.1.1947,31.12.3999,INDIA
3,458,01.01.1000,31.12.3999,COUNTRY,MY,MYS,1.1.1957,31.12.3999,MALAYSIA
3,462,01.01.1000,31.12.3999,COUNTRY,MV,MDV,1.1.1982,31.12.3999,MALDIVES
3,586,01.01.1000,31.12.3999,COUNTRY,PK,PAK,1.1.1989,31.12.3999,PAKISTAN
3,702,01.01.1000,31.12.3999,COUNTRY,SG,SGP,1.1.1965,31.12.3999,SINGAPORE
2,2117,1.1.1931,31.12.3999,POLITICAL COUNTRY-GROUP,2CU,,1.1.1931,31.12.3999,COMMONWEALTH AUSTRALASIAN TERRITORIES
3,36,01.01.1000,31.12.3999,COUNTRY,AU,AUS,1.1.1931,31.12.3999,AUSTRALIA
3,90,01.01.1000,31.12.3999,COUNTRY,SB,SLB,1.1.1978,31.12.3999,SOLOMON ISLANDS
3,242,01.01.1000,31.12.3999,COUNTRY,FJ,FJI,1.1.1997,31.12.3999,FIJI
3,548,01.01.1000,31.12.3999,COUNTRY,VU,VUT,1.1.1980,31.12.3999,VANUATU
3,554,01.01.1000,31.12.3999,COUNTRY,NZ,NZL,1.1.1931,31.12.3999,NEW ZEALAND
1,2115,1.1.1931,31.12.3999,POLITICAL COUNTRY-GROUP,2CF,,,,COMMONWEALTH AFRICAN TERRITORIES
2,72,01.01.1000,31.12.3999,COUNTRY,BW,BWA,1.1.1966,31.12.3999,BOTSWANA
2,120,01.01.1000,31.12.3999,COUNTRY,CM,CMR,1.11.1995,31.12.3999,CAMEROON
2,270,01.01.1000,31.12.3999,COUNTRY,GM,GMB,1.1.1965,31.12.3999,GAMBIA
2,288,01.01.1000,31.12.3999,COUNTRY,GH,GHA,1.1.1957,31.12.3999,GHANA
2,404,01.01.1000,31.12.3999,COUNTRY,KE,KEN,1.1.1963,31.12.3999,KENYA
2,426,01.01.1000,31.12.3999,COUNTRY,LS,LSO,1.1.1966,31.12.3999,LESOTHO
2,454,01.01.1000,31.12.3999,COUNTRY,MW,MWI,1.1.1964,31.12.3999,MALAWI
2,480,01.01.1000,31.12.3999,COUNTRY,MU,MUS,1.1.1968,31.12.3999,MAURITIUS
2,508,01.01.1000,31.12.3999,COUNTRY,MZ,MOZ,12.11.1995,31.12.3999,MOZAMBIQUE
2,516,01.01.1000,31.12.3999,COUNTRY,NA,NAM,1.1.1990,31.12.3999,NAMIBIA
2,566,01.01.1000,31.12.3999,COUNTRY,NG,NGA,1.1.1960,31.12.3999,NIGERIA
2,690,01.01.1000,31.12.3999,COUNTRY,SC,SYC,1.1.1976,31.12.3999,SEYCHELLES
2,694,01.01.1000,31.12.3999,COUNTRY,SL,SLE,1.1.1961,31.12.3999,SIERRA LEONE
2,710,01.01.1000,31.12.3999,COUNTRY,ZA,ZAF,1.6.1994,31.12.3999,SOUTH AFRICA
2,716,01.01.1000,31.12.3999,COUNTRY,ZW,ZWE,1.1.1980,6.12.2003,ZIMBABWE
2,748,01.01.1000,31.12.3999,COUNTRY,SZ,SWZ,1.1.1968,31.12.3999,SWAZILAND
2,800,01.01.1000,31.12.3999,COUNTRY,UG,UGA,1.1.1962,31.12.3999,UGANDA
2,834,01.01.1000,31.12.3999,COUNTRY,TZ,TZA,1.1.1961,31.12.3999,"TANZANIA, UNITED REPUBLIC OF"
2,894,01.01.1000,31.12.3999,COUNTRY,ZM,ZMB,1.1.1964,31.12.3999,ZAMBIA
1,2116,1.1.1931,31.12.3999,POLITICAL COUNTRY-GROUP,2CS,,,,COMMONWEALTH ASIAN TERRITORIES
2,50,01.01.1000,31.12.3999,COUNTRY,BD,BGD,1.1.1972,31.12.3999,BANGLADESH
2,96,01.01.1000,31.12.3999,COUNTRY,BN,BRN,1.1.1984,31.12.3999,BRUNEI DARUSSALAM
2,144,01.01.1000,31.12.3999,COUNTRY,LK,LKA,1.1.1948,31.12.3999,SRI LANKA
2,196,01.01.1000,31.12.3999,COUNTRY,CY,CYP,1.1.1961,31.12.3999,CYPRUS
2,344,01.01.1000,31.12.3999,COUNTRY,HK,HKG,1.1.1931,30.6.1997,HONG KONG
2,356,01.01.1000,31.12.3999,COUNTRY,IN,IND,1.1.1947,31.12.3999,INDIA
2,458,01.01.1000,31.12.3999,COUNTRY,MY,MYS,1.1.1957,31.12.3999,MALAYSIA
2,462,01.01.1000,31.12.3999,COUNTRY,MV,MDV,1.1.1982,31.12.3999,MALDIVES
2,586,01.01.1000,31.12.3999,COUNTRY,PK,PAK,1.1.1989,31.12.3999,PAKISTAN
2,702,01.01.1000,31.12.3999,COUNTRY,SG,SGP,1.1.1965,31.12.3999,SINGAPORE
1,2117,1.1.1931,31.12.3999,POLITICAL COUNTRY-GROUP,2CU,,,,COMMONWEALTH AUSTRALASIAN TERRITORIES
2,36,01.01.1000,31.12.3999,COUNTRY,AU,AUS,1.1.1931,31.12.3999,AUSTRALIA
2,90,01.01.1000,31.12.3999,COUNTRY,SB,SLB,1.1.1978,31.12.3999,SOLOMON ISLANDS
2,242,01.01.1000,31.12.3999,COUNTRY,FJ,FJI,1.1.1997,31.12.3999,FIJI
2,548,01.01.1000,31.12.3999,COUNTRY,VU,VUT,1.1.1980,31.12.3999,VANUATU
2,554,01.01.1000,31.12.3999,COUNTRY,NZ,NZL,1.1.1931,31.12.3999,NEW ZEALAND
1,2118,1.1.1992,31.12.3999,POLITICAL COUNTRY-GROUP,2CI,,,,COMMONWEALTH OF INDEPENDENT STATES
2,31,1.1.1992,31.12.3999,COUNTRY,AZ,AZE,1.1.1992,31.12.3999,AZERBAIJAN
2,51,1.1.1992,31.12.3999,COUNTRY,AM,ARM,1.1.1992,31.12.3999,ARMENIA
2,112,1.1.1992,31.12.3999,COUNTRY,BY,BLR,1.1.1992,31.12.3999,BELARUS
2,268,1.1.1992,31.12.3999,COUNTRY,GE,GEO,1.1.1994,17.8.2009,GEORGIA
2,398,1.1.1992,31.12.3999,COUNTRY,KZ,KAZ,1.1.1992,31.12.3999,KAZAKHSTAN
2,417,1.1.1992,31.12.3999,COUNTRY,KG,KGZ,1.1.1992,31.12.3999,KYRGYZSTAN
2,498,1.1.1992,31.12.3999,COUNTRY,MD,MDA,15.4.1994,31.12.3999,"MOLDOVA, REPUBLIC OF"
2,643,1.1.1992,31.12.3999,COUNTRY,RU,RUS,1.1.1992,31.12.3999,RUSSIAN FEDERATION
2,762,1.1.1992,31.12.3999,COUNTRY,TJ,TJK,1.1.1992,31.12.3999,TAJIKISTAN
2,795,1.1.1992,31.12.3999,COUNTRY,TM,TKM,1.1.1992,31.12.3999,TURKMENISTAN
2,804,1.1.1992,31.12.3999,COUNTRY,UA,UKR,1.1.1992,31.12.3999,UKRAINE
2,860,1.1.1992,31.12.3999,COUNTRY,UZ,UZB,1.1.1992,31.12.3999,UZBEKISTAN
1,2119,01.01.1000,31.12.3999,GEOGRAPHICAL COUNTRY-GROUP,2EE,,,,EASTERN EUROPE
2,8,01.01.1000,31.12.3999,COUNTRY,AL,ALB,01.01.1000,31.12.3999,ALBANIA
2,100,01.01.1000,31.12.3999,COUNTRY,BG,BGR,01.01.1000,31.12.3999,BULGARIA
2,112,1.1.1992,31.12.3999,COUNTRY,BY,BLR,1.1.1992,31.12.3999,BELARUS
2,200,01.01.1000,31.12.1992,COUNTRY,CS,CSK,01.01.1000,31.12.1992,CZECHOSLOVAKIA
2,203,1.1.1993,31.12.3999,COUNTRY,CZ,CZE,1.1.1993,31.12.3999,CZECH REPUBLIC
2,233,1.1.1992,31.12.3999,COUNTRY,EE,EST,1.1.1992,31.12.3999,ESTONIA
2,278,01.01.1000,2.10.1990,COUNTRY,DD,DDR,01.01.1000,2.10.1990,GERMAN DEMOCRATIC REPUBLIC
2,348,01.01.1000,31.12.3999,COUNTRY,HU,HUN,01.01.1000,31.12.3999,HUNGARY
2,428,1.1.1992,31.12.3999,COUNTRY,LV,LVA,1.1.1992,31.12.3999,LATVIA
2,440,1.1.1992,31.12.3999,COUNTRY,LT,LTU,1.1.1992,31.12.3999,LITHUANIA
2,498,1.1.1992,31.12.3999,COUNTRY,MD,MDA,1.1.1992,31.12.3999,"MOLDOVA, REPUBLIC OF"
2,616,01.01.1000,31.12.3999,COUNTRY,PL,POL,01.01.1000,31.12.3999,POLAND
2,642,01.01.1000,31.12.3999,COUNTRY,RO,ROU,01.01.1000,31.12.3999,ROMANIA
2,643,1.1.1992,31.12.3999,COUNTRY,RU,RUS,1.1.1992,31.12.3999,RUSSIAN FEDERATION
2,703,1.1.1993,31.12.3999,COUNTRY,SK,SVK,1.1.1993,31.12.3999,SLOVAKIA
2,804,1.1.1992,31.12.3999,COUNTRY,UA,UKR,1.1.1992,31.12.3999,UKRAINE
2,810,01.01.1000,31.12.1991,COUNTRY,SU,SUN,01.01.1000,31.12.1991,USSR
1,2120,01.01.1000,31.12.3999,GEOGRAPHICAL COUNTRY-GROUP,2EU,,,,EUROPE
2,352,01.01.1000,31.12.3999,COUNTRY,IS,ISL,01.01.1000,31.12.3999,ICELAND
2,470,01.01.1000,31.12.3999,COUNTRY,MT,MLT,01.01.1000,31.12.3999,MALTA
2,2111,01.01.1000,31.12.3999,GEOGRAPHICAL COUNTRY-GROUP,2BI,,01.01.1000,31.12.3999,BRITISH ISLES
3,372,01.01.1000,31.12.3999,COUNTRY,IE,IRL,01.01.1000,31.12.3999,IRELAND
3,826,01.01.1000,31.12.3999,COUNTRY,GB,GBR,01.01.1000,31.12.3999,UNITED KINGDOM
2,2122,01.01.1000,31.12.3999,GEOGRAPHICAL COUNTRY-GROUP,2EC,,01.01.1000,31.12.3999,EUROPEAN CONTINENT
3,20,01.01.1000,31.12.3999,COUNTRY,AD,AND,01.01.1000,31.12.3999,ANDORRA
3,40,01.01.1000,31.12.3999,COUNTRY,AT,AUT,01.01.1000,31.12.3999,AUSTRIA
3,56,01.01.1000,31.12.3999,COUNTRY,BE,BEL,01.01.1000,31.12.3999,BELGIUM
3,70,1.1.1992,31.12.3999,COUNTRY,BA,BIH,1.1.1992,31.12.3999,BOSNIA AND HERZEGOVINA
3,191,1.1.1992,31.12.3999,COUNTRY,HR,HRV,1.1.1992,31.12.3999,CROATIA
3,246,01.01.1000,31.12.3999,COUNTRY,FI,FIN,01.01.1000,31.12.3999,FINLAND
3,250,01.01.1000,31.12.3999,COUNTRY,FR,FRA,01.01.1000,31.12.3999,FRANCE
3,276,3.10.1990,31.12.3999,COUNTRY,DE,DEU,3.10.1990,31.12.3999,GERMANY
3,280,01.01.1000,2.10.1990,COUNTRY,DE,DEU,01.01.1000,2.10.1990,GERMANY
3,300,01.01.1000,31.12.3999,COUNTRY,GR,GRC,01.01.1000,31.12.3999,GREECE
3,336,01.01.1000,31.12.3999,COUNTRY,VA,VAT,01.01.1000,31.12.3999,HOLY SEE (VATICAN CITY STATE)
3,380,01.01.1000,31.12.3999,COUNTRY,IT,ITA,01.01.1000,31.12.3999,ITALY
3,438,01.01.1000,31.12.3999,COUNTRY,LI,LIE,01.01.1000,31.12.3999,LIECHTENSTEIN
3,442,01.01.1000,31.12.3999,COUNTRY,LU,LUX,01.01.1000,31.12.3999,LUXEMBOURG
3,492,01.01.1000,31.12.3999,COUNTRY,MC,MCO,01.01.1000,31.12.3999,MONACO
3,499,3.6.2006,31.12.3999,COUNTRY,ME,MNE,3.6.2006,31.12.3999,MONTENEGRO
3,528,01.01.1000,31.12.3999,COUNTRY,NL,NLD,01.01.1000,31.12.3999,NETHERLANDS
3,620,01.01.1000,31.12.3999,COUNTRY,PT,PRT,01.01.1000,31.12.3999,PORTUGAL
3,674,01.01.1000,31.12.3999,COUNTRY,SM,SMR,01.01.1000,31.12.3999,SAN MARINO
3,688,3.6.2006,31.12.3999,COUNTRY,RS,SRB,3.6.2006,31.12.3999,SERBIA
3,705,1.1.1992,31.12.3999,COUNTRY,SI,SVN,1.1.1992,31.12.3999,SLOVENIA
3,724,01.01.1000,31.12.3999,COUNTRY,ES,ESP,01.01.1000,31.12.3999,SPAIN
3,756,01.01.1000,31.12.3999,COUNTRY,CH,CHE,01.01.1000,31.12.3999,SWITZERLAND
3,807,1.1.1992,31.12.3999,COUNTRY,MK,MKD,1.1.1992,31.12.3999,"MACEDONIA, THE FORMER YUGOSLAV REPUBLIC OF"
3,890,01.01.1000,31.12.1991,COUNTRY,YU,YUG,01.01.1000,31.12.1991,YUGOSLAVIA
3,891,1.1.1992,2.6.2006,COUNTRY,CS,SCG,1.1.1992,2.6.2006,SERBIA AND MONTENEGRO
3,2119,01.01.1000,31.12.3999,GEOGRAPHICAL COUNTRY-GROUP,2EE,,01.01.1000,31.12.3999,EASTERN EUROPE
4,8,01.01.1000,31.12.3999,COUNTRY,AL,ALB,01.01.1000,31.12.3999,ALBANIA
4,100,01.01.1000,31.12.3999,COUNTRY,BG,BGR,01.01.1000,31.12.3999,BULGARIA
4,112,1.1.1992,31.12.3999,COUNTRY,BY,BLR,1.1.1992,31.12.3999,BELARUS
4,200,01.01.1000,31.12.1992,COUNTRY,CS,CSK,01.01.1000,31.12.1992,CZECHOSLOVAKIA
4,203,1.1.1993,31.12.3999,COUNTRY,CZ,CZE,1.1.1993,31.12.3999,CZECH REPUBLIC
4,233,1.1.1992,31.12.3999,COUNTRY,EE,EST,1.1.1992,31.12.3999,ESTONIA
4,278,01.01.1000,2.10.1990,COUNTRY,DD,DDR,01.01.1000,2.10.1990,GERMAN DEMOCRATIC REPUBLIC
4,348,01.01.1000,31.12.3999,COUNTRY,HU,HUN,01.01.1000,31.12.3999,HUNGARY
4,428,1.1.1992,31.12.3999,COUNTRY,LV,LVA,1.1.1992,31.12.3999,LATVIA
4,440,1.1.1992,31.12.3999,COUNTRY,LT,LTU,1.1.1992,31.12.3999,LITHUANIA
4,498,1.1.1992,31.12.3999,COUNTRY,MD,MDA,1.1.1992,31.12.3999,"MOLDOVA, REPUBLIC OF"
4,616,01.01.1000,31.12.3999,COUNTRY,PL,POL,01.01.1000,31.12.3999,POLAND
4,642,01.01.1000,31.12.3999,COUNTRY,RO,ROU,01.01.1000,31.12.3999,ROMANIA
4,643,1.1.1992,31.12.3999,COUNTRY,RU,RUS,1.1.1992,31.12.3999,RUSSIAN FEDERATION
4,703,1.1.1993,31.12.3999,COUNTRY,SK,SVK,1.1.1993,31.12.3999,SLOVAKIA
4,804,1.1.1992,31.12.3999,COUNTRY,UA,UKR,1.1.1992,31.12.3999,UKRAINE
4,810,01.01.1000,31.12.1991,COUNTRY,SU,SUN,01.01.1000,31.12.1991,USSR
3,2131,01.01.1000,31.12.3999,GEOGRAPHICAL COUNTRY-GROUP,2SC,,01.01.1000,31.12.3999,SCANDINAVIA
4,208,01.01.1000,31.12.3999,COUNTRY,DK,DNK,01.01.1000,31.12.3999,DENMARK
4,578,01.01.1000,31.12.3999,COUNTRY,NO,NOR,01.01.1000,31.12.3999,NORWAY
4,752,01.01.1000,31.12.3999,COUNTRY,SE,SWE,01.01.1000,31.12.3999,SWEDEN
1,2121,1.1.1994,31.12.3999,ECONOMICAL COUNTRY-GROUP,2EM,,,,EUROPEAN ECONOMIC AREA
2,40,01.01.1000,31.12.3999,COUNTRY,AT,AUT,1.1.1994,31.12.3999,AUSTRIA
2,56,01.01.1000,31.12.3999,COUNTRY,BE,BEL,1.1.1994,31.12.3999,BELGIUM
2,100,01.01.1000,31.12.3999,COUNTRY,BG,BGR,1.1.2007,31.12.3999,BULGARIA
2,196,01.01.1000,31.12.3999,COUNTRY,CY,CYP,1.5.2004,31.12.3999,CYPRUS
2,203,1.1.1993,31.12.3999,COUNTRY,CZ,CZE,1.5.2004,31.12.3999,CZECH REPUBLIC
2,208,01.01.1000,31.12.3999,COUNTRY,DK,DNK,1.1.1994,31.12.3999,DENMARK
2,233,1.1.1992,31.12.3999,COUNTRY,EE,EST,1.5.2004,31.12.3999,ESTONIA
2,246,01.01.1000,31.12.3999,COUNTRY,FI,FIN,1.1.1994,31.12.3999,FINLAND
2,250,01.01.1000,31.12.3999,COUNTRY,FR,FRA,1.1.1994,31.12.3999,FRANCE
2,276,3.10.1990,31.12.3999,COUNTRY,DE,DEU,1.1.1994,31.12.3999,GERMANY
2,300,01.01.1000,31.12.3999,COUNTRY,GR,GRC,1.1.1994,31.12.3999,GREECE
2,348,01.01.1000,31.12.3999,COUNTRY,HU,HUN,1.5.2004,31.12.3999,HUNGARY
2,352,01.01.1000,31.12.3999,COUNTRY,IS,ISL,1.1.1994,31.12.3999,ICELAND
2,372,01.01.1000,31.12.3999,COUNTRY,IE,IRL,1.1.1994,31.12.3999,IRELAND
2,380,01.01.1000,31.12.3999,COUNTRY,IT,ITA,1.1.1994,31.12.3999,ITALY
2,428,1.1.1992,31.12.3999,COUNTRY,LV,LVA,1.5.2004,31.12.3999,LATVIA
2,438,01.01.1000,31.12.3999,COUNTRY,LI,LIE,1.1.1994,31.12.3999,LIECHTENSTEIN
2,440,1.1.1992,31.12.3999,COUNTRY,LT,LTU,1.5.2004,31.12.3999,LITHUANIA
2,442,01.01.1000,31.12.3999,COUNTRY,LU,LUX,1.1.1994,31.12.3999,LUXEMBOURG
2,470,01.01.1000,31.12.3999,COUNTRY,MT,MLT,1.5.2004,31.12.3999,MALTA
2,528,01.01.1000,31.12.3999,COUNTRY,NL,NLD,1.1.1994,31.12.3999,NETHERLANDS
2,578,01.01.1000,31.12.3999,COUNTRY,NO,NOR,1.1.1994,31.12.3999,NORWAY
2,616,01.01.1000,31.12.3999,COUNTRY,PL,POL,1.5.2004,31.12.3999,POLAND
2,620,01.01.1000,31.12.3999,COUNTRY,PT,PRT,1.1.1994,31.12.3999,PORTUGAL
2,642,01.01.1000,31.12.3999,COUNTRY,RO,ROU,1.1.2007,31.12.3999,ROMANIA
2,703,1.1.1993,31.12.3999,COUNTRY,SK,SVK,1.5.2004,31.12.3999,SLOVAKIA
2,705,1.1.1992,31.12.3999,COUNTRY,SI,SVN,1.5.2004,31.12.3999,SLOVENIA
2,724,01.01.1000,31.12.3999,COUNTRY,ES,ESP,1.1.1994,31.12.3999,SPAIN
2,752,01.01.1000,31.12.3999,COUNTRY,SE,SWE,1.1.1994,31.12.3999,SWEDEN
2,826,01.01.1000,31.12.3999,COUNTRY,GB,GBR,1.1.1994,31.12.3999,UNITED KINGDOM
1,2122,01.01.1000,31.12.3999,GEOGRAPHICAL COUNTRY-GROUP,2EC,,,,EUROPEAN CONTINENT
2,20,01.01.1000,31.12.3999,COUNTRY,AD,AND,01.01.1000,31.12.3999,ANDORRA
2,40,01.01.1000,31.12.3999,COUNTRY,AT,AUT,01.01.1000,31.12.3999,AUSTRIA
2,56,01.01.1000,31.12.3999,COUNTRY,BE,BEL,01.01.1000,31.12.3999,BELGIUM
2,70,1.1.1992,31.12.3999,COUNTRY,BA,BIH,1.1.1992,31.12.3999,BOSNIA AND HERZEGOVINA
2,191,1.1.1992,31.12.3999,COUNTRY,HR,HRV,1.1.1992,31.12.3999,CROATIA
2,246,01.01.1000,31.12.3999,COUNTRY,FI,FIN,01.01.1000,31.12.3999,FINLAND
2,250,01.01.1000,31.12.3999,COUNTRY,FR,FRA,01.01.1000,31.12.3999,FRANCE
2,276,3.10.1990,31.12.3999,COUNTRY,DE,DEU,3.10.1990,31.12.3999,GERMANY
2,280,01.01.1000,2.10.1990,COUNTRY,DE,DEU,01.01.1000,2.10.1990,GERMANY
2,300,01.01.1000,31.12.3999,COUNTRY,GR,GRC,01.01.1000,31.12.3999,GREECE
2,336,01.01.1000,31.12.3999,COUNTRY,VA,VAT,01.01.1000,31.12.3999,HOLY SEE (VATICAN CITY STATE)
2,380,01.01.1000,31.12.3999,COUNTRY,IT,ITA,01.01.1000,31.12.3999,ITALY
2,438,01.01.1000,31.12.3999,COUNTRY,LI,LIE,01.01.1000,31.12.3999,LIECHTENSTEIN
2,442,01.01.1000,31.12.3999,COUNTRY,LU,LUX,01.01.1000,31.12.3999,LUXEMBOURG
2,492,01.01.1000,31.12.3999,COUNTRY,MC,MCO,01.01.1000,31.12.3999,MONACO
2,499,3.6.2006,31.12.3999,COUNTRY,ME,MNE,3.6.2006,31.12.3999,MONTENEGRO
2,528,01.01.1000,31.12.3999,COUNTRY,NL,NLD,01.01.1000,31.12.3999,NETHERLANDS
2,620,01.01.1000,31.12.3999,COUNTRY,PT,PRT,01.01.1000,31.12.3999,PORTUGAL
2,674,01.01.1000,31.12.3999,COUNTRY,SM,SMR,01.01.1000,31.12.3999,SAN MARINO
2,688,3.6.2006,31.12.3999,COUNTRY,RS,SRB,3.6.2006,31.12.3999,SERBIA
2,705,1.1.1992,31.12.3999,COUNTRY,SI,SVN,1.1.1992,31.12.3999,SLOVENIA
2,724,01.01.1000,31.12.3999,COUNTRY,ES,ESP,01.01.1000,31.12.3999,SPAIN
2,756,01.01.1000,31.12.3999,COUNTRY,CH,CHE,01.01.1000,31.12.3999,SWITZERLAND
2,807,1.1.1992,31.12.3999,COUNTRY,MK,MKD,1.1.1992,31.12.3999,"MACEDONIA, THE FORMER YUGOSLAV REPUBLIC OF"
2,890,01.01.1000,31.12.1991,COUNTRY,YU,YUG,01.01.1000,31.12.1991,YUGOSLAVIA
2,891,1.1.1992,2.6.2006,COUNTRY,CS,SCG,1.1.1992,2.6.2006,SERBIA AND MONTENEGRO
2,2119,01.01.1000,31.12.3999,GEOGRAPHICAL COUNTRY-GROUP,2EE,,01.01.1000,31.12.3999,EASTERN EUROPE
3,8,01.01.1000,31.12.3999,COUNTRY,AL,ALB,01.01.1000,31.12.3999,ALBANIA
3,100,01.01.1000,31.12.3999,COUNTRY,BG,BGR,01.01.1000,31.12.3999,BULGARIA
3,112,1.1.1992,31.12.3999,COUNTRY,BY,BLR,1.1.1992,31.12.3999,BELARUS
3,200,01.01.1000,31.12.1992,COUNTRY,CS,CSK,01.01.1000,31.12.1992,CZECHOSLOVAKIA
3,203,1.1.1993,31.12.3999,COUNTRY,CZ,CZE,1.1.1993,31.12.3999,CZECH REPUBLIC
3,233,1.1.1992,31.12.3999,COUNTRY,EE,EST,1.1.1992,31.12.3999,ESTONIA
3,278,01.01.1000,2.10.1990,COUNTRY,DD,DDR,01.01.1000,2.10.1990,GERMAN DEMOCRATIC REPUBLIC
3,348,01.01.1000,31.12.3999,COUNTRY,HU,HUN,01.01.1000,31.12.3999,HUNGARY
3,428,1.1.1992,31.12.3999,COUNTRY,LV,LVA,1.1.1992,31.12.3999,LATVIA
3,440,1.1.1992,31.12.3999,COUNTRY,LT,LTU,1.1.1992,31.12.3999,LITHUANIA
3,498,1.1.1992,31.12.3999,COUNTRY,MD,MDA,1.1.1992,31.12.3999,"MOLDOVA, REPUBLIC OF"
3,616,01.01.1000,31.12.3999,COUNTRY,PL,POL,01.01.1000,31.12.3999,POLAND
3,642,01.01.1000,31.12.3999,COUNTRY,RO,ROU,01.01.1000,31.12.3999,ROMANIA
3,643,1.1.1992,31.12.3999,COUNTRY,RU,RUS,1.1.1992,31.12.3999,RUSSIAN FEDERATION
3,703,1.1.1993,31.12.3999,COUNTRY,SK,SVK,1.1.1993,31.12.3999,SLOVAKIA
3,804,1.1.1992,31.12.3999,COUNTRY,UA,UKR,1.1.1992,31.12.3999,UKRAINE
3,810,01.01.1000,31.12.1991,COUNTRY,SU,SUN,01.01.1000,31.12.1991,USSR
2,2131,01.01.1000,31.12.3999,GEOGRAPHICAL COUNTRY-GROUP,2SC,,01.01.1000,31.12.3999,SCANDINAVIA
3,208,01.01.1000,31.12.3999,COUNTRY,DK,DNK,01.01.1000,31.12.3999,DENMARK
3,578,01.01.1000,31.12.3999,COUNTRY,NO,NOR,01.01.1000,31.12.3999,NORWAY
3,752,01.01.1000,31.12.3999,COUNTRY,SE,SWE,01.01.1000,31.12.3999,SWEDEN
1,2123,1.1.1958,31.12.3999,POLITICAL COUNTRY-GROUP,2EN,,,,EUROPEAN UNION
2,40,01.01.1000,31.12.3999,COUNTRY,AT,AUT,1.1.1995,31.12.3999,AUSTRIA
2,56,01.01.1000,31.12.3999,COUNTRY,BE,BEL,1.1.1958,31.12.3999,BELGIUM
2,100,01.01.1000,31.12.3999,COUNTRY,BG,BGR,1.1.2007,31.12.3999,BULGARIA
2,191,1.1.1992,31.12.3999,COUNTRY,HR,HRV,1.7.2013,31.12.3999,CROATIA
2,196,01.01.1000,31.12.3999,COUNTRY,CY,CYP,1.5.2004,31.12.3999,CYPRUS
2,203,1.1.1993,31.12.3999,COUNTRY,CZ,CZE,1.5.2004,31.12.3999,CZECH REPUBLIC
2,208,01.01.1000,31.12.3999,COUNTRY,DK,DNK,1.1.1973,31.12.3999,DENMARK
2,233,1.1.1992,31.12.3999,COUNTRY,EE,EST,1.5.2004,31.12.3999,ESTONIA
2,246,01.01.1000,31.12.3999,COUNTRY,FI,FIN,1.1.1995,31.12.3999,FINLAND
2,250,01.01.1000,31.12.3999,COUNTRY,FR,FRA,1.1.1958,31.12.3999,FRANCE
2,276,3.10.1990,31.12.3999,COUNTRY,DE,DEU,3.10.1990,31.12.3999,GERMANY
2,280,01.01.1000,2.10.1990,COUNTRY,DE,DEU,1.1.1958,2.10.1990,GERMANY
2,300,01.01.1000,31.12.3999,COUNTRY,GR,GRC,1.1.1981,31.12.3999,GREECE
2,348,01.01.1000,31.12.3999,COUNTRY,HU,HUN,1.5.2004,31.12.3999,HUNGARY
2,372,01.01.1000,31.12.3999,COUNTRY,IE,IRL,1.1.1973,31.12.3999,IRELAND
2,380,01.01.1000,31.12.3999,COUNTRY,IT,ITA,1.1.1958,31.12.3999,ITALY
2,428,1.1.1992,31.12.3999,COUNTRY,LV,LVA,1.5.2004,31.12.3999,LATVIA
2,440,1.1.1992,31.12.3999,COUNTRY,LT,LTU,1.5.2004,31.12.3999,LITHUANIA
2,442,01.01.1000,31.12.3999,COUNTRY,LU,LUX,1.1.1958,31.12.3999,LUXEMBOURG
2,470,01.01.1000,31.12.3999,COUNTRY,MT,MLT,1.5.2004,31.12.3999,MALTA
2,528,01.01.1000,31.12.3999,COUNTRY,NL,NLD,1.1.1958,31.12.3999,NETHERLANDS
2,616,01.01.1000,31.12.3999,COUNTRY,PL,POL,1.5.2004,31.12.3999,POLAND
2,620,01.01.1000,31.12.3999,COUNTRY,PT,PRT,1.1.1986,31.12.3999,PORTUGAL
2,642,01.01.1000,31.12.3999,COUNTRY,RO,ROU,1.1.2007,31.12.3999,ROMANIA
2,703,1.1.1993,31.12.3999,COUNTRY,SK,SVK,1.5.2004,31.12.3999,SLOVAKIA
2,705,1.1.1992,31.12.3999,COUNTRY,SI,SVN,1.5.2004,31.12.3999,SLOVENIA
2,724,01.01.1000,31.12.3999,COUNTRY,ES,ESP,1.1.1986,31.12.3999,SPAIN
2,752,01.01.1000,31.12.3999,COUNTRY,SE,SWE,1.1.1995,31.12.3999,SWEDEN
2,826,01.01.1000,31.12.3999,COUNTRY,GB,GBR,1.1.1973,31.12.3999,UNITED KINGDOM
1,2124,01.01.1000,31.12.3999,GEOGRAPHICAL COUNTRY-GROUP,2GC,,,,GSA COUNTRIES
2,40,01.01.1000,31.12.3999,COUNTRY,AT,AUT,01.01.1000,31.12.3999,AUSTRIA
2,276,3.10.1990,31.12.3999,COUNTRY,DE,DEU,3.10.1990,31.12.3999,GERMANY
2,280,01.01.1000,2.10.1990,COUNTRY,DE,DEU,01.01.1000,2.10.1990,GERMANY
2,756,01.01.1000,31.12.3999,COUNTRY,CH,CHE,01.01.1000,31.12.3999,SWITZERLAND
1,2125,01.01.1000,31.12.3999,GEOGRAPHICAL COUNTRY-GROUP,2ME,,,,MIDDLE EAST
2,4,01.01.1000,31.12.3999,COUNTRY,AF,AFG,01.01.1000,31.12.3999,AFGHANISTAN
2,48,01.01.1000,31.12.3999,COUNTRY,BH,BHR,01.01.1000,31.12.3999,BAHRAIN
2,50,01.01.1000,31.12.3999,COUNTRY,BD,BGD,01.01.1000,31.12.3999,BANGLADESH
2,64,01.01.1000,31.12.3999,COUNTRY,BT,BTN,01.01.1000,31.12.3999,BHUTAN
2,144,01.01.1000,31.12.3999,COUNTRY,LK,LKA,01.01.1000,31.12.3999,SRI LANKA
2,356,01.01.1000,31.12.3999,COUNTRY,IN,IND,01.01.1000,31.12.3999,INDIA
2,364,01.01.1000,31.12.3999,COUNTRY,IR,IRN,01.01.1000,31.12.3999,"IRAN, ISLAMIC REPUBLIC OF"
2,368,01.01.1000,31.12.3999,COUNTRY,IQ,IRQ,01.01.1000,31.12.3999,IRAQ
2,400,01.01.1000,31.12.3999,COUNTRY,JO,JOR,01.01.1000,31.12.3999,JORDAN
2,414,01.01.1000,31.12.3999,COUNTRY,KW,KWT,01.01.1000,31.12.3999,KUWAIT
2,462,01.01.1000,31.12.3999,COUNTRY,MV,MDV,01.01.1000,31.12.3999,MALDIVES
2,496,01.01.1000,31.12.3999,COUNTRY,MN,MNG,01.01.1000,31.12.3999,MONGOLIA
2,512,01.01.1000,31.12.3999,COUNTRY,OM,OMN,01.01.1000,31.12.3999,OMAN
2,524,01.01.1000,31.12.3999,COUNTRY,NP,NPL,01.01.1000,31.12.3999,NEPAL
2,586,01.01.1000,31.12.3999,COUNTRY,PK,PAK,01.01.1000,31.12.3999,PAKISTAN
2,634,01.01.1000,31.12.3999,COUNTRY,QA,QAT,01.01.1000,31.12.3999,QATAR
2,682,01.01.1000,31.12.3999,COUNTRY,SA,SAU,01.01.1000,31.12.3999,SAUDI ARABIA
2,720,01.01.1000,21.5.1990,COUNTRY,YD,YMD,01.01.1000,21.5.1990,"YEMEN, DEMOCRATIC"
2,784,01.01.1000,31.12.3999,COUNTRY,AE,ARE,01.01.1000,31.12.3999,UNITED ARAB EMIRATES
2,886,01.01.1000,21.5.1990,COUNTRY,YE,YEM,01.01.1000,21.5.1990,YEMEN
2,887,22.5.1990,31.12.3999,COUNTRY,YE,YEM,22.5.1990,31.12.3999,YEMEN
1,2126,1.1.1994,31.12.3999,ECONOMICAL COUNTRY-GROUP,2NT,,,,NAFTA COUNTRIES
2,124,01.01.1000,31.12.3999,COUNTRY,CA,CAN,1.1.1994,31.12.3999,CANADA
2,484,01.01.1000,31.12.3999,COUNTRY,MX,MEX,1.1.1994,31.12.3999,MEXICO
2,630,01.01.1000,31.12.3999,COUNTRY,PR,PRI,1.1.1994,31.12.3999,PUERTO RICO
2,840,01.01.1000,31.12.3999,COUNTRY,US,USA,1.1.1994,31.12.3999,UNITED STATES
1,2127,01.01.1000,31.12.3999,GEOGRAPHICAL COUNTRY-GROUP,2NC,,,,NORDIC COUNTRIES
2,208,01.01.1000,31.12.3999,COUNTRY,DK,DNK,01.01.1000,31.12.3999,DENMARK
2,246,01.01.1000,31.12.3999,COUNTRY,FI,FIN,01.01.1000,31.12.3999,FINLAND
2,352,01.01.1000,31.12.3999,COUNTRY,IS,ISL,01.01.1000,31.12.3999,ICELAND
2,578,01.01.1000,31.12.3999,COUNTRY,NO,NOR,01.01.1000,31.12.3999,NORWAY
2,752,01.01.1000,31.12.3999,COUNTRY,SE,SWE,01.01.1000,31.12.3999,SWEDEN
1,2128,01.01.1000,31.12.3999,GEOGRAPHICAL COUNTRY-GROUP,2NF,,,,NORTH AFRICA
2,12,01.01.1000,31.12.3999,COUNTRY,DZ,DZA,01.01.1000,31.12.3999,ALGERIA
2,434,01.01.1000,31.12.3999,COUNTRY,LY,LBY,01.01.1000,31.12.3999,LIBYAN ARAB JAMAHIRIYA
2,504,01.01.1000,31.12.3999,COUNTRY,MA,MAR,01.01.1000,31.12.3999,MOROCCO
2,788,01.01.1000,31.12.3999,COUNTRY,TN,TUN,01.01.1000,31.12.3999,TUNISIA
2,818,01.01.1000,31.12.3999,COUNTRY,EG,EGY,01.01.1000,31.12.3999,EGYPT
1,2129,01.01.1000,31.12.3999,GEOGRAPHICAL COUNTRY-GROUP,2NA,,,,NORTH AMERICA
2,124,01.01.1000,31.12.3999,COUNTRY,CA,CAN,01.01.1000,31.12.3999,CANADA
2,484,01.01.1000,31.12.3999,COUNTRY,MX,MEX,01.01.1000,31.12.3999,MEXICO
2,840,01.01.1000,31.12.3999,COUNTRY,US,USA,01.01.1000,31.12.3999,UNITED STATES
1,2130,01.01.1000,31.12.3999,GEOGRAPHICAL COUNTRY-GROUP,2OC,,,,OCEANIA
2,258,01.01.1000,31.12.3999,COUNTRY,PF,PYF,01.01.1000,31.12.3999,FRENCH POLYNESIA
2,296,01.01.1000,31.12.3999,COUNTRY,KI,KIR,01.01.1000,31.12.3999,KIRIBATI
2,520,01.01.1000,31.12.3999,COUNTRY,NR,NRU,01.01.1000,31.12.3999,NAURU
2,583,01.01.1000,31.12.3999,COUNTRY,FM,FSM,01.01.1000,31.12.3999,"MICRONESIA, FEDERATED STATES OF"
2,584,01.01.1000,31.12.3999,COUNTRY,MH,MHL,01.01.1000,31.12.3999,MARSHALL ISLANDS
2,585,01.01.1000,31.12.3999,COUNTRY,PW,PLW,01.01.1000,31.12.3999,PALAU
2,598,01.01.1000,31.12.3999,COUNTRY,PG,PNG,01.01.1000,31.12.3999,PAPUA NEW GUINEA
2,776,01.01.1000,31.12.3999,COUNTRY,TO,TON,01.01.1000,31.12.3999,TONGA
2,798,01.01.1000,31.12.3999,COUNTRY,TV,TUV,01.01.1000,31.12.3999,TUVALU
2,882,01.01.1000,31.12.3999,COUNTRY,WS,WSM,01.01.1000,31.12.3999,SAMOA
2,2107,01.01.1000,31.12.3999,GEOGRAPHICAL COUNTRY-GROUP,2AA,,01.01.1000,31.12.3999,AUSTRALASIA
3,36,01.01.1000,31.12.3999,COUNTRY,AU,AUS,01.01.1000,31.12.3999,AUSTRALIA
3,90,01.01.1000,31.12.3999,COUNTRY,SB,SLB,01.01.1000,31.12.3999,SOLOMON ISLANDS
3,242,01.01.1000,31.12.3999,COUNTRY,FJ,FJI,01.01.1000,31.12.3999,FIJI
3,540,01.01.1000,31.12.3999,COUNTRY,NC,NCL,01.01.1000,31.12.3999,NEW CALEDONIA
3,548,01.01.1000,31.12.3999,COUNTRY,VU,VUT,01.01.1000,31.12.3999,VANUATU
3,554,01.01.1000,31.12.3999,COUNTRY,NZ,NZL,01.01.1000,31.12.3999,NEW ZEALAND
1,2131,01.01.1000,31.12.3999,GEOGRAPHICAL COUNTRY-GROUP,2SC,,,,SCANDINAVIA
2,208,01.01.1000,31.12.3999,COUNTRY,DK,DNK,01.01.1000,31.12.3999,DENMARK
2,578,01.01.1000,31.12.3999,COUNTRY,NO,NOR,01.01.1000,31.12.3999,NORWAY
2,752,01.01.1000,31.12.3999,COUNTRY,SE,SWE,01.01.1000,31.12.3999,SWEDEN
1,2132,01.01.1000,31.12.3999,GEOGRAPHICAL COUNTRY-GROUP,2SA,,,,SOUTH AMERICA
2,32,01.01.1000,31.12.3999,COUNTRY,AR,ARG,01.01.1000,31.12.3999,ARGENTINA
2,68,01.01.1000,31.12.3999,COUNTRY,BO,BOL,01.01.1000,31.12.3999,BOLIVIA
2,76,01.01.1000,31.12.3999,COUNTRY,BR,BRA,01.01.1000,31.12.3999,BRAZIL
2,152,01.01.1000,31.12.3999,COUNTRY,CL,CHL,01.01.1000,31.12.3999,CHILE
2,170,01.01.1000,31.12.3999,COUNTRY,CO,COL,01.01.1000,31.12.3999,COLOMBIA
2,218,01.01.1000,31.12.3999,COUNTRY,EC,ECU,01.01.1000,31.12.3999,ECUADOR
2,328,01.01.1000,31.12.3999,COUNTRY,GY,GUY,01.01.1000,31.12.3999,GUYANA
2,600,01.01.1000,31.12.3999,COUNTRY,PY,PRY,01.01.1000,31.12.3999,PARAGUAY
2,604,01.01.1000,31.12.3999,COUNTRY,PE,PER,01.01.1000,31.12.3999,PERU
2,740,01.01.1000,31.12.3999,COUNTRY,SR,SUR,01.01.1000,31.12.3999,SURINAME
2,858,01.01.1000,31.12.3999,COUNTRY,UY,URY,01.01.1000,31.12.3999,URUGUAY
2,862,01.01.1000,31.12.3999,COUNTRY,VE,VEN,01.01.1000,31.12.3999,VENEZUELA
1,2133,01.01.1000,31.12.3999,GEOGRAPHICAL COUNTRY-GROUP,2SE,,,,SOUTH EAST ASIA
2,96,01.01.1000,31.12.3999,COUNTRY,BN,BRN,01.01.1000,31.12.3999,BRUNEI DARUSSALAM
2,104,01.01.1000,31.12.3999,COUNTRY,MM,MMR,01.01.1000,31.12.3999,MYANMAR
2,116,01.01.1000,31.12.3999,COUNTRY,KH,KHM,01.01.1000,31.12.3999,CAMBODIA
2,360,01.01.1000,31.12.3999,COUNTRY,ID,IDN,01.01.1000,31.12.3999,INDONESIA
2,418,01.01.1000,31.12.3999,COUNTRY,LA,LAO,01.01.1000,31.12.3999,LAO PEOPLE'S DEMOCRATIC REPUBLIC
2,458,01.01.1000,31.12.3999,COUNTRY,MY,MYS,01.01.1000,31.12.3999,MALAYSIA
2,608,01.01.1000,31.12.3999,COUNTRY,PH,PHL,01.01.1000,31.12.3999,PHILIPPINES
2,626,20.5.2002,31.12.3999,COUNTRY,TL,TLS,20.5.2002,31.12.3999,TIMOR-LESTE
2,702,01.01.1000,31.12.3999,COUNTRY,SG,SGP,01.01.1000,31.12.3999,SINGAPORE
2,704,01.01.1000,31.12.3999,COUNTRY,VN,VNM,01.01.1000,31.12.3999,VIET NAM
2,764,01.01.1000,31.12.3999,COUNTRY,TH,THA,01.01.1000,31.12.3999,THAILAND
1,2134,01.01.1000,31.12.3999,GEOGRAPHICAL COUNTRY-GROUP,2WI,,,,WEST INDIES
2,44,01.01.1000,31.12.3999,COUNTRY,BS,BHS,01.01.1000,31.12.3999,BAHAMAS
2,2103,01.01.1000,31.12.3999,GEOGRAPHICAL COUNTRY-GROUP,2AN,,01.01.1000,31.12.3999,ANTILLES
3,28,01.01.1000,31.12.3999,COUNTRY,AG,ATG,01.01.1000,31.12.3999,ANTIGUA AND BARBUDA
3,52,01.01.1000,31.12.3999,COUNTRY,BB,BRB,01.01.1000,31.12.3999,BARBADOS
3,192,01.01.1000,31.12.3999,COUNTRY,CU,CUB,01.01.1000,31.12.3999,CUBA
3,212,01.01.1000,31.12.3999,COUNTRY,DM,DMA,01.01.1000,31.12.3999,DOMINICA
3,214,01.01.1000,31.12.3999,COUNTRY,DO,DOM,01.01.1000,31.12.3999,DOMINICAN REPUBLIC
3,308,01.01.1000,31.12.3999,COUNTRY,GD,GRD,01.01.1000,31.12.3999,GRENADA
3,332,01.01.1000,31.12.3999,COUNTRY,HT,HTI,01.01.1000,31.12.3999,HAITI
3,388,01.01.1000,31.12.3999,COUNTRY,JM,JAM,01.01.1000,31.12.3999,JAMAICA
3,630,01.01.1000,31.12.3999,COUNTRY,PR,PRI,01.01.1000,31.12.3999,PUERTO RICO
3,659,01.01.1000,31.12.3999,COUNTRY,KN,KNA,01.01.1000,31.12.3999,SAINT KITTS AND NEVIS
3,662,01.01.1000,31.12.3999,COUNTRY,LC,LCA,01.01.1000,31.12.3999,SAINT LUCIA
3,670,01.01.1000,31.12.3999,COUNTRY,VC,VCT,01.01.1000,31.12.3999,SAINT VINCENT AND THE GRENADINES
3,780,01.01.1000,31.12.3999,COUNTRY,TT,TTO,01.01.1000,31.12.3999,TRINIDAD AND TOBAGO
1,2136,01.01.1000,31.12.3999,GEOGRAPHICAL COUNTRY-GROUP,2WL,,,,WORLD
2,2100,01.01.1000,31.12.3999,GEOGRAPHICAL COUNTRY-GROUP,2AF,,01.01.1000,31.12.3999,AFRICA
3,24,01.01.1000,31.12.3999,COUNTRY,AO,AGO,01.01.1000,31.12.3999,ANGOLA
3,72,01.01.1000,31.12.3999,COUNTRY,BW,BWA,01.01.1000,31.12.3999,BOTSWANA
3,108,01.01.1000,31.12.3999,COUNTRY,BI,BDI,01.01.1000,31.12.3999,BURUNDI
3,120,01.01.1000,31.12.3999,COUNTRY,CM,CMR,01.01.1000,31.12.3999,CAMEROON
3,132,01.01.1000,31.12.3999,COUNTRY,CV,CPV,01.01.1000,31.12.3999,CAPE VERDE
3,140,01.01.1000,31.12.3999,COUNTRY,CF,CAF,01.01.1000,31.12.3999,CENTRAL AFRICAN REPUBLIC
3,148,01.01.1000,31.12.3999,COUNTRY,TD,TCD,01.01.1000,31.12.3999,CHAD
3,174,01.01.1000,31.12.3999,COUNTRY,KM,COM,01.01.1000,31.12.3999,COMOROS
3,178,01.01.1000,31.12.3999,COUNTRY,CG,COG,01.01.1000,31.12.3999,CONGO
3,180,01.01.1000,31.12.3999,COUNTRY,CD,COD,01.01.1000,31.12.3999,"CONGO, THE DEMOCRATIC REPUBLIC OF THE"
3,204,01.01.1000,31.12.3999,COUNTRY,BJ,BEN,01.01.1000,31.12.3999,BENIN
3,226,01.01.1000,31.12.3999,COUNTRY,GQ,GNQ,01.01.1000,31.12.3999,EQUATORIAL GUINEA
3,230,01.01.1000,23.5.1993,COUNTRY,ET,ETH,01.01.1000,23.5.1993,ETHIOPIA
3,231,24.5.1993,31.12.3999,COUNTRY,ET,ETH,24.5.1993,31.12.3999,ETHIOPIA
3,232,24.5.1993,31.12.3999,COUNTRY,ER,ERI,24.5.1993,31.12.3999,ERITREA
3,262,01.01.1000,31.12.3999,COUNTRY,DJ,DJI,01.01.1000,31.12.3999,DJIBOUTI
3,266,01.01.1000,31.12.3999,COUNTRY,GA,GAB,01.01.1000,31.12.3999,GABON
3,270,01.01.1000,31.12.3999,COUNTRY,GM,GMB,01.01.1000,31.12.3999,GAMBIA
3,288,01.01.1000,31.12.3999,COUNTRY,GH,GHA,01.01.1000,31.12.3999,GHANA
3,324,01.01.1000,31.12.3999,COUNTRY,GN,GIN,01.01.1000,31.12.3999,GUINEA
3,384,01.01.1000,31.12.3999,COUNTRY,CI,CIV,01.01.1000,31.12.3999,COTE D'IVOIRE
3,404,01.01.1000,31.12.3999,COUNTRY,KE,KEN,01.01.1000,31.12.3999,KENYA
3,426,01.01.1000,31.12.3999,COUNTRY,LS,LSO,01.01.1000,31.12.3999,LESOTHO
3,430,01.01.1000,31.12.3999,COUNTRY,LR,LBR,01.01.1000,31.12.3999,LIBERIA
3,450,01.01.1000,31.12.3999,COUNTRY,MG,MDG,01.01.1000,31.12.3999,MADAGASCAR
3,454,01.01.1000,31.12.3999,COUNTRY,MW,MWI,01.01.1000,31.12.3999,MALAWI
3,466,01.01.1000,31.12.3999,COUNTRY,ML,MLI,01.01.1000,31.12.3999,MALI
3,478,01.01.1000,31.12.3999,COUNTRY,MR,MRT,01.01.1000,31.12.3999,MAURITANIA
3,480,01.01.1000,31.12.3999,COUNTRY,MU,MUS,01.01.1000,31.12.3999,MAURITIUS
3,508,01.01.1000,31.12.3999,COUNTRY,MZ,MOZ,01.01.1000,31.12.3999,MOZAMBIQUE
3,516,01.01.1000,31.12.3999,COUNTRY,NA,NAM,01.01.1000,31.12.3999,NAMIBIA
3,562,01.01.1000,31.12.3999,COUNTRY,NE,NER,01.01.1000,31.12.3999,NIGER
3,566,01.01.1000,31.12.3999,COUNTRY,NG,NGA,01.01.1000,31.12.3999,NIGERIA
3,624,01.01.1000,31.12.3999,COUNTRY,GW,GNB,01.01.1000,31.12.3999,GUINEA-BISSAU
3,646,01.01.1000,31.12.3999,COUNTRY,RW,RWA,01.01.1000,31.12.3999,RWANDA
3,678,01.01.1000,31.12.3999,COUNTRY,ST,STP,01.01.1000,31.12.3999,SAO TOME AND PRINCIPE
3,686,01.01.1000,31.12.3999,COUNTRY,SN,SEN,01.01.1000,31.12.3999,SENEGAL
3,690,01.01.1000,31.12.3999,COUNTRY,SC,SYC,01.01.1000,31.12.3999,SEYCHELLES
3,694,01.01.1000,31.12.3999,COUNTRY,SL,SLE,01.01.1000,31.12.3999,SIERRA LEONE
3,706,01.01.1000,31.12.3999,COUNTRY,SO,SOM,01.01.1000,31.12.3999,SOMALIA
3,710,01.01.1000,31.12.3999,COUNTRY,ZA,ZAF,01.01.1000,31.12.3999,SOUTH AFRICA
3,716,01.01.1000,31.12.3999,COUNTRY,ZW,ZWE,01.01.1000,31.12.3999,ZIMBABWE
3,728,9.7.2011,31.12.3999,COUNTRY,SS,SSD,9.7.2011,31.12.3999,SOUTH SUDAN
3,729,9.7.2011,31.12.3999,COUNTRY,SD,SDN,9.7.2011,31.12.3999,SUDAN
3,732,01.01.1000,31.12.3999,COUNTRY,EH,ESH,01.01.1000,31.12.3999,WESTERN SAHARA
3,736,01.01.1000,8.7.2011,COUNTRY,SD,SDN,01.01.1000,8.7.2011,SUDAN
3,748,01.01.1000,31.12.3999,COUNTRY,SZ,SWZ,01.01.1000,31.12.3999,SWAZILAND
3,768,01.01.1000,31.12.3999,COUNTRY,TG,TGO,01.01.1000,31.12.3999,TOGO
3,800,01.01.1000,31.12.3999,COUNTRY,UG,UGA,01.01.1000,31.12.3999,UGANDA
3,834,01.01.1000,31.12.3999,COUNTRY,TZ,TZA,01.01.1000,31.12.3999,"TANZANIA, UNITED REPUBLIC OF"
3,854,01.01.1000,31.12.3999,COUNTRY,BF,BFA,01.01.1000,31.12.3999,BURKINA FASO
3,894,01.01.1000,31.12.3999,COUNTRY,ZM,ZMB,01.01.1000,31.12.3999,ZAMBIA
3,2128,01.01.1000,31.12.3999,GEOGRAPHICAL COUNTRY-GROUP,2NF,,01.01.1000,31.12.3999,NORTH AFRICA
4,12,01.01.1000,31.12.3999,COUNTRY,DZ,DZA,01.01.1000,31.12.3999,ALGERIA
4,434,01.01.1000,31.12.3999,COUNTRY,LY,LBY,01.01.1000,31.12.3999,LIBYAN ARAB JAMAHIRIYA
4,504,01.01.1000,31.12.3999,COUNTRY,MA,MAR,01.01.1000,31.12.3999,MOROCCO
4,788,01.01.1000,31.12.3999,COUNTRY,TN,TUN,01.01.1000,31.12.3999,TUNISIA
4,818,01.01.1000,31.12.3999,COUNTRY,EG,EGY,01.01.1000,31.12.3999,EGYPT
2,2101,01.01.1000,31.12.3999,GEOGRAPHICAL COUNTRY-GROUP,2AM,,01.01.1000,31.12.3999,AMERICA
3,2102,01.01.1000,31.12.3999,GEOGRAPHICAL COUNTRY-GROUP,2AC,,01.01.1000,31.12.3999,AMERICAN CONTINENT
4,2113,01.01.1000,31.12.3999,GEOGRAPHICAL COUNTRY-GROUP,2CA,,01.01.1000,31.12.3999,CENTRAL AMERICA
5,84,01.01.1000,31.12.3999,COUNTRY,BZ,BLZ,01.01.1000,31.12.3999,BELIZE
5,188,01.01.1000,31.12.3999,COUNTRY,CR,CRI,01.01.1000,31.12.3999,COSTA RICA
5,222,01.01.1000,31.12.3999,COUNTRY,SV,SLV,01.01.1000,31.12.3999,EL SALVADOR
5,320,01.01.1000,31.12.3999,COUNTRY,GT,GTM,01.01.1000,31.12.3999,GUATEMALA
5,340,01.01.1000,31.12.3999,COUNTRY,HN,HND,01.01.1000,31.12.3999,HONDURAS
5,558,01.01.1000,31.12.3999,COUNTRY,NI,NIC,01.01.1000,31.12.3999,NICARAGUA
5,591,01.01.1000,31.12.3999,COUNTRY,PA,PAN,01.01.1000,31.12.3999,PANAMA
4,2129,01.01.1000,31.12.3999,GEOGRAPHICAL COUNTRY-GROUP,2NA,,01.01.1000,31.12.3999,NORTH AMERICA
5,124,01.01.1000,31.12.3999,COUNTRY,CA,CAN,01.01.1000,31.12.3999,CANADA
5,484,01.01.1000,31.12.3999,COUNTRY,MX,MEX,01.01.1000,31.12.3999,MEXICO
5,840,01.01.1000,31.12.3999,COUNTRY,US,USA,01.01.1000,31.12.3999,UNITED STATES
4,2132,01.01.1000,31.12.3999,GEOGRAPHICAL COUNTRY-GROUP,2SA,,01.01.1000,31.12.3999,SOUTH AMERICA
5,32,01.01.1000,31.12.3999,COUNTRY,AR,ARG,01.01.1000,31.12.3999,ARGENTINA
5,68,01.01.1000,31.12.3999,COUNTRY,BO,BOL,01.01.1000,31.12.3999,BOLIVIA
5,76,01.01.1000,31.12.3999,COUNTRY,BR,BRA,01.01.1000,31.12.3999,BRAZIL
5,152,01.01.1000,31.12.3999,COUNTRY,CL,CHL,01.01.1000,31.12.3999,CHILE
5,170,01.01.1000,31.12.3999,COUNTRY,CO,COL,01.01.1000,31.12.3999,COLOMBIA
5,218,01.01.1000,31.12.3999,COUNTRY,EC,ECU,01.01.1000,31.12.3999,ECUADOR
5,328,01.01.1000,31.12.3999,COUNTRY,GY,GUY,01.01.1000,31.12.3999,GUYANA
5,600,01.01.1000,31.12.3999,COUNTRY,PY,PRY,01.01.1000,31.12.3999,PARAGUAY
5,604,01.01.1000,31.12.3999,COUNTRY,PE,PER,01.01.1000,31.12.3999,PERU
5,740,01.01.1000,31.12.3999,COUNTRY,SR,SUR,01.01.1000,31.12.3999,SURINAME
5,858,01.01.1000,31.12.3999,COUNTRY,UY,URY,01.01.1000,31.12.3999,URUGUAY
5,862,01.01.1000,31.12.3999,COUNTRY,VE,VEN,01.01.1000,31.12.3999,VENEZUELA
3,2134,01.01.1000,31.12.3999,GEOGRAPHICAL COUNTRY-GROUP,2WI,,01.01.1000,31.12.3999,WEST INDIES
4,44,01.01.1000,31.12.3999,COUNTRY,BS,BHS,01.01.1000,31.12.3999,BAHAMAS
4,2103,01.01.1000,31.12.3999,GEOGRAPHICAL COUNTRY-GROUP,2AN,,01.01.1000,31.12.3999,ANTILLES
5,28,01.01.1000,31.12.3999,COUNTRY,AG,ATG,01.01.1000,31.12.3999,ANTIGUA AND BARBUDA
5,52,01.01.1000,31.12.3999,COUNTRY,BB,BRB,01.01.1000,31.12.3999,BARBADOS
5,192,01.01.1000,31.12.3999,COUNTRY,CU,CUB,01.01.1000,31.12.3999,CUBA
5,212,01.01.1000,31.12.3999,COUNTRY,DM,DMA,01.01.1000,31.12.3999,DOMINICA
5,214,01.01.1000,31.12.3999,COUNTRY,DO,DOM,01.01.1000,31.12.3999,DOMINICAN REPUBLIC
5,308,01.01.1000,31.12.3999,COUNTRY,GD,GRD,01.01.1000,31.12.3999,GRENADA
5,332,01.01.1000,31.12.3999,COUNTRY,HT,HTI,01.01.1000,31.12.3999,HAITI
5,388,01.01.1000,31.12.3999,COUNTRY,JM,JAM,01.01.1000,31.12.3999,JAMAICA
5,630,01.01.1000,31.12.3999,COUNTRY,PR,PRI,01.01.1000,31.12.3999,PUERTO RICO
5,659,01.01.1000,31.12.3999,COUNTRY,KN,KNA,01.01.1000,31.12.3999,SAINT KITTS AND NEVIS
5,662,01.01.1000,31.12.3999,COUNTRY,LC,LCA,01.01.1000,31.12.3999,SAINT LUCIA
5,670,01.01.1000,31.12.3999,COUNTRY,VC,VCT,01.01.1000,31.12.3999,SAINT VINCENT AND THE GRENADINES
5,780,01.01.1000,31.12.3999,COUNTRY,TT,TTO,01.01.1000,31.12.3999,TRINIDAD AND TOBAGO
2,2106,01.01.1000,31.12.3999,GEOGRAPHICAL COUNTRY-GROUP,2AS,,01.01.1000,31.12.3999,ASIA
3,31,1.1.1992,31.12.3999,COUNTRY,AZ,AZE,1.1.1992,31.12.3999,AZERBAIJAN
3,51,1.1.1992,31.12.3999,COUNTRY,AM,ARM,1.1.1992,31.12.3999,ARMENIA
3,156,01.01.1000,31.12.3999,COUNTRY,CN,CHN,01.01.1000,31.12.3999,CHINA
3,158,01.01.1000,31.12.3999,COUNTRY,TW,TWN,01.01.1000,31.12.3999,"TAIWAN, PROVINCE OF CHINA"
3,196,01.01.1000,31.12.3999,COUNTRY,CY,CYP,01.01.1000,31.12.3999,CYPRUS
3,268,1.1.1992,31.12.3999,COUNTRY,GE,GEO,1.1.1992,31.12.3999,GEORGIA
3,344,01.01.1000,31.12.3999,COUNTRY,HK,HKG,01.01.1000,31.12.3999,HONG KONG
3,376,01.01.1000,31.12.3999,COUNTRY,IL,ISR,01.01.1000,31.12.3999,ISRAEL
3,392,01.01.1000,31.12.3999,COUNTRY,JP,JPN,01.01.1000,31.12.3999,JAPAN
3,398,1.1.1992,31.12.3999,COUNTRY,KZ,KAZ,1.1.1992,31.12.3999,KAZAKHSTAN
3,408,01.01.1000,31.12.3999,COUNTRY,KP,PRK,01.01.1000,31.12.3999,"KOREA, DEMOCRATIC PEOPLE'S REPUBLIC OF"
3,410,01.01.1000,31.12.3999,COUNTRY,KR,KOR,01.01.1000,31.12.3999,"KOREA, REPUBLIC OF"
3,417,1.1.1992,31.12.3999,COUNTRY,KG,KGZ,1.1.1992,31.12.3999,KYRGYZSTAN
3,422,01.01.1000,31.12.3999,COUNTRY,LB,LBN,01.01.1000,31.12.3999,LEBANON
3,446,20.12.1999,31.12.3999,COUNTRY,MO,MAC,20.12.1999,31.12.3999,MACAO
3,760,01.01.1000,31.12.3999,COUNTRY,SY,SYR,01.01.1000,31.12.3999,SYRIAN ARAB REPUBLIC
3,762,1.1.1992,31.12.3999,COUNTRY,TJ,TJK,1.1.1992,31.12.3999,TAJIKISTAN
3,792,01.01.1000,31.12.3999,COUNTRY,TR,TUR,01.01.1000,31.12.3999,TURKEY
3,795,1.1.1992,31.12.3999,COUNTRY,TM,TKM,1.1.1992,31.12.3999,TURKMENISTAN
3,860,1.1.1992,31.12.3999,COUNTRY,UZ,UZB,1.1.1992,31.12.3999,UZBEKISTAN
3,2125,01.01.1000,31.12.3999,GEOGRAPHICAL COUNTRY-GROUP,2ME,,01.01.1000,31.12.3999,MIDDLE EAST
4,4,01.01.1000,31.12.3999,COUNTRY,AF,AFG,01.01.1000,31.12.3999,AFGHANISTAN
4,48,01.01.1000,31.12.3999,COUNTRY,BH,BHR,01.01.1000,31.12.3999,BAHRAIN
4,50,01.01.1000,31.12.3999,COUNTRY,BD,BGD,01.01.1000,31.12.3999,BANGLADESH
4,64,01.01.1000,31.12.3999,COUNTRY,BT,BTN,01.01.1000,31.12.3999,BHUTAN
4,144,01.01.1000,31.12.3999,COUNTRY,LK,LKA,01.01.1000,31.12.3999,SRI LANKA
4,356,01.01.1000,31.12.3999,COUNTRY,IN,IND,01.01.1000,31.12.3999,INDIA
4,364,01.01.1000,31.12.3999,COUNTRY,IR,IRN,01.01.1000,31.12.3999,"IRAN, ISLAMIC REPUBLIC OF"
4,368,01.01.1000,31.12.3999,COUNTRY,IQ,IRQ,01.01.1000,31.12.3999,IRAQ
4,400,01.01.1000,31.12.3999,COUNTRY,JO,JOR,01.01.1000,31.12.3999,JORDAN
4,414,01.01.1000,31.12.3999,COUNTRY,KW,KWT,01.01.1000,31.12.3999,KUWAIT
4,462,01.01.1000,31.12.3999,COUNTRY,MV,MDV,01.01.1000,31.12.3999,MALDIVES
4,496,01.01.1000,31.12.3999,COUNTRY,MN,MNG,01.01.1000,31.12.3999,MONGOLIA
4,512,01.01.1000,31.12.3999,COUNTRY,OM,OMN,01.01.1000,31.12.3999,OMAN
4,524,01.01.1000,31.12.3999,COUNTRY,NP,NPL,01.01.1000,31.12.3999,NEPAL
4,586,01.01.1000,31.12.3999,COUNTRY,PK,PAK,01.01.1000,31.12.3999,PAKISTAN
4,634,01.01.1000,31.12.3999,COUNTRY,QA,QAT,01.01.1000,31.12.3999,QATAR
4,682,01.01.1000,31.12.3999,COUNTRY,SA,SAU,01.01.1000,31.12.3999,SAUDI ARABIA
4,720,01.01.1000,21.5.1990,COUNTRY,YD,YMD,01.01.1000,21.5.1990,"YEMEN, DEMOCRATIC"
4,784,01.01.1000,31.12.3999,COUNTRY,AE,ARE,01.01.1000,31.12.3999,UNITED ARAB EMIRATES
4,886,01.01.1000,21.5.1990,COUNTRY,YE,YEM,01.01.1000,21.5.1990,YEMEN
4,887,22.5.1990,31.12.3999,COUNTRY,YE,YEM,22.5.1990,31.12.3999,YEMEN
3,2133,01.01.1000,31.12.3999,GEOGRAPHICAL COUNTRY-GROUP,2SE,,01.01.1000,31.12.3999,SOUTH EAST ASIA
4,96,01.01.1000,31.12.3999,COUNTRY,BN,BRN,01.01.1000,31.12.3999,BRUNEI DARUSSALAM
4,104,01.01.1000,31.12.3999,COUNTRY,MM,MMR,01.01.1000,31.12.3999,MYANMAR
4,116,01.01.1000,31.12.3999,COUNTRY,KH,KHM,01.01.1000,31.12.3999,CAMBODIA
4,360,01.01.1000,31.12.3999,COUNTRY,ID,IDN,01.01.1000,31.12.3999,INDONESIA
4,418,01.01.1000,31.12.3999,COUNTRY,LA,LAO,01.01.1000,31.12.3999,LAO PEOPLE'S DEMOCRATIC REPUBLIC
4,458,01.01.1000,31.12.3999,COUNTRY,MY,MYS,01.01.1000,31.12.3999,MALAYSIA
4,608,01.01.1000,31.12.3999,COUNTRY,PH,PHL,01.01.1000,31.12.3999,PHILIPPINES
4,626,20.5.2002,31.12.3999,COUNTRY,TL,TLS,20.5.2002,31.12.3999,TIMOR-LESTE
4,702,01.01.1000,31.12.3999,COUNTRY,SG,SGP,01.01.1000,31.12.3999,SINGAPORE
4,704,01.01.1000,31.12.3999,COUNTRY,VN,VNM,01.01.1000,31.12.3999,VIET NAM
4,764,01.01.1000,31.12.3999,COUNTRY,TH,THA,01.01.1000,31.12.3999,THAILAND
2,2120,01.01.1000,31.12.3999,GEOGRAPHICAL COUNTRY-GROUP,2EU,,01.01.1000,31.12.3999,EUROPE
3,352,01.01.1000,31.12.3999,COUNTRY,IS,ISL,01.01.1000,31.12.3999,ICELAND
3,470,01.01.1000,31.12.3999,COUNTRY,MT,MLT,01.01.1000,31.12.3999,MALTA
3,2111,01.01.1000,31.12.3999,GEOGRAPHICAL COUNTRY-GROUP,2BI,,01.01.1000,31.12.3999,BRITISH ISLES
4,372,01.01.1000,31.12.3999,COUNTRY,IE,IRL,01.01.1000,31.12.3999,IRELAND
4,826,01.01.1000,31.12.3999,COUNTRY,GB,GBR,01.01.1000,31.12.3999,UNITED KINGDOM
3,2122,01.01.1000,31.12.3999,GEOGRAPHICAL COUNTRY-GROUP,2EC,,01.01.1000,31.12.3999,EUROPEAN CONTINENT
4,20,01.01.1000,31.12.3999,COUNTRY,AD,AND,01.01.1000,31.12.3999,ANDORRA
4,40,01.01.1000,31.12.3999,COUNTRY,AT,AUT,01.01.1000,31.12.3999,AUSTRIA
4,56,01.01.1000,31.12.3999,COUNTRY,BE,BEL,01.01.1000,31.12.3999,BELGIUM
4,70,1.1.1992,31.12.3999,COUNTRY,BA,BIH,1.1.1992,31.12.3999,BOSNIA AND HERZEGOVINA
4,191,1.1.1992,31.12.3999,COUNTRY,HR,HRV,1.1.1992,31.12.3999,CROATIA
4,246,01.01.1000,31.12.3999,COUNTRY,FI,FIN,01.01.1000,31.12.3999,FINLAND
4,250,01.01.1000,31.12.3999,COUNTRY,FR,FRA,01.01.1000,31.12.3999,FRANCE
4,276,3.10.1990,31.12.3999,COUNTRY,DE,DEU,3.10.1990,31.12.3999,GERMANY
4,280,01.01.1000,2.10.1990,COUNTRY,DE,DEU,01.01.1000,2.10.1990,GERMANY
4,300,01.01.1000,31.12.3999,COUNTRY,GR,GRC,01.01.1000,31.12.3999,GREECE
4,336,01.01.1000,31.12.3999,COUNTRY,VA,VAT,01.01.1000,31.12.3999,HOLY SEE (VATICAN CITY STATE)
4,380,01.01.1000,31.12.3999,COUNTRY,IT,ITA,01.01.1000,31.12.3999,ITALY
4,438,01.01.1000,31.12.3999,COUNTRY,LI,LIE,01.01.1000,31.12.3999,LIECHTENSTEIN
4,442,01.01.1000,31.12.3999,COUNTRY,LU,LUX,01.01.1000,31.12.3999,LUXEMBOURG
4,492,01.01.1000,31.12.3999,COUNTRY,MC,MCO,01.01.1000,31.12.3999,MONACO
4,499,3.6.2006,31.12.3999,COUNTRY,ME,MNE,3.6.2006,31.12.3999,MONTENEGRO
4,528,01.01.1000,31.12.3999,COUNTRY,NL,NLD,01.01.1000,31.12.3999,NETHERLANDS
4,620,01.01.1000,31.12.3999,COUNTRY,PT,PRT,01.01.1000,31.12.3999,PORTUGAL
4,674,01.01.1000,31.12.3999,COUNTRY,SM,SMR,01.01.1000,31.12.3999,SAN MARINO
4,688,3.6.2006,31.12.3999,COUNTRY,RS,SRB,3.6.2006,31.12.3999,SERBIA
4,705,1.1.1992,31.12.3999,COUNTRY,SI,SVN,1.1.1992,31.12.3999,SLOVENIA
4,724,01.01.1000,31.12.3999,COUNTRY,ES,ESP,01.01.1000,31.12.3999,SPAIN
4,756,01.01.1000,31.12.3999,COUNTRY,CH,CHE,01.01.1000,31.12.3999,SWITZERLAND
4,807,1.1.1992,31.12.3999,COUNTRY,MK,MKD,1.1.1992,31.12.3999,"MACEDONIA, THE FORMER YUGOSLAV REPUBLIC OF"
4,890,01.01.1000,31.12.1991,COUNTRY,YU,YUG,01.01.1000,31.12.1991,YUGOSLAVIA
4,891,1.1.1992,2.6.2006,COUNTRY,CS,SCG,1.1.1992,2.6.2006,SERBIA AND MONTENEGRO
4,2119,01.01.1000,31.12.3999,GEOGRAPHICAL COUNTRY-GROUP,2EE,,01.01.1000,31.12.3999,EASTERN EUROPE
5,8,01.01.1000,31.12.3999,COUNTRY,AL,ALB,01.01.1000,31.12.3999,ALBANIA
5,100,01.01.1000,31.12.3999,COUNTRY,BG,BGR,01.01.1000,31.12.3999,BULGARIA
5,112,1.1.1992,31.12.3999,COUNTRY,BY,BLR,1.1.1992,31.12.3999,BELARUS
5,200,01.01.1000,31.12.1992,COUNTRY,CS,CSK,01.01.1000,31.12.1992,CZECHOSLOVAKIA
5,203,1.1.1993,31.12.3999,COUNTRY,CZ,CZE,1.1.1993,31.12.3999,CZECH REPUBLIC
5,233,1.1.1992,31.12.3999,COUNTRY,EE,EST,1.1.1992,31.12.3999,ESTONIA
5,278,01.01.1000,2.10.1990,COUNTRY,DD,DDR,01.01.1000,2.10.1990,GERMAN DEMOCRATIC REPUBLIC
5,348,01.01.1000,31.12.3999,COUNTRY,HU,HUN,01.01.1000,31.12.3999,HUNGARY
5,428,1.1.1992,31.12.3999,COUNTRY,LV,LVA,1.1.1992,31.12.3999,LATVIA
5,440,1.1.1992,31.12.3999,COUNTRY,LT,LTU,1.1.1992,31.12.3999,LITHUANIA
5,498,1.1.1992,31.12.3999,COUNTRY,MD,MDA,1.1.1992,31.12.3999,"MOLDOVA, REPUBLIC OF"
5,616,01.01.1000,31.12.3999,COUNTRY,PL,POL,01.01.1000,31.12.3999,POLAND
5,642,01.01.1000,31.12.3999,COUNTRY,RO,ROU,01.01.1000,31.12.3999,ROMANIA
5,643,1.1.1992,31.12.3999,COUNTRY,RU,RUS,1.1.1992,31.12.3999,RUSSIAN FEDERATION
5,703,1.1.1993,31.12.3999,COUNTRY,SK,SVK,1.1.1993,31.12.3999,SLOVAKIA
5,804,1.1.1992,31.12.3999,COUNTRY,UA,UKR,1.1.1992,31.12.3999,UKRAINE
5,810,01.01.1000,31.12.1991,COUNTRY,SU,SUN,01.01.1000,31.12.1991,USSR
4,2131,01.01.1000,31.12.3999,GEOGRAPHICAL COUNTRY-GROUP,2SC,,01.01.1000,31.12.3999,SCANDINAVIA
5,208,01.01.1000,31.12.3999,COUNTRY,DK,DNK,01.01.1000,31.12.3999,DENMARK
5,578,01.01.1000,31.12.3999,COUNTRY,NO,NOR,01.01.1000,31.12.3999,NORWAY
5,752,01.01.1000,31.12.3999,COUNTRY,SE,SWE,01.01.1000,31.12.3999,SWEDEN
2,2130,01.01.1000,31.12.3999,GEOGRAPHICAL COUNTRY-GROUP,2OC,,01.01.1000,31.12.3999,OCEANIA
3,258,01.01.1000,31.12.3999,COUNTRY,PF,PYF,01.01.1000,31.12.3999,FRENCH POLYNESIA
3,296,01.01.1000,31.12.3999,COUNTRY,KI,KIR,01.01.1000,31.12.3999,KIRIBATI
3,520,01.01.1000,31.12.3999,COUNTRY,NR,NRU,01.01.1000,31.12.3999,NAURU
3,583,01.01.1000,31.12.3999,COUNTRY,FM,FSM,01.01.1000,31.12.3999,"MICRONESIA, FEDERATED STATES OF"
3,584,01.01.1000,31.12.3999,COUNTRY,MH,MHL,01.01.1000,31.12.3999,MARSHALL ISLANDS
3,585,01.01.1000,31.12.3999,COUNTRY,PW,PLW,01.01.1000,31.12.3999,PALAU
3,598,01.01.1000,31.12.3999,COUNTRY,PG,PNG,01.01.1000,31.12.3999,PAPUA NEW GUINEA
3,776,01.01.1000,31.12.3999,COUNTRY,TO,TON,01.01.1000,31.12.3999,TONGA
3,798,01.01.1000,31.12.3999,COUNTRY,TV,TUV,01.01.1000,31.12.3999,TUVALU
3,882,01.01.1000,31.12.3999,COUNTRY,WS,WSM,01.01.1000,31.12.3999,SAMOA
3,2107,01.01.1000,31.12.3999,GEOGRAPHICAL COUNTRY-GROUP,2AA,,01.01.1000,31.12.3999,AUSTRALASIA
4,36,01.01.1000,31.12.3999,COUNTRY,AU,AUS,01.01.1000,31.12.3999,AUSTRALIA
4,90,01.01.1000,31.12.3999,COUNTRY,SB,SLB,01.01.1000,31.12.3999,SOLOMON ISLANDS
4,242,01.01.1000,31.12.3999,COUNTRY,FJ,FJI,01.01.1000,31.12.3999,FIJI
4,540,01.01.1000,31.12.3999,COUNTRY,NC,NCL,01.01.1000,31.12.3999,NEW CALEDONIA
4,548,01.01.1000,31.12.3999,COUNTRY,VU,VUT,01.01.1000,31.12.3999,VANUATU
4,554,01.01.1000,31.12.3999,COUNTRY,NZ,NZL,01.01.1000,31.12.3999,NEW ZEALAND
